timestamp,arm_id,reward,cost
1,5,0.765540965956644,4.879639408647977
2,0,0.25760957766027587,1.2323344486727978
3,0,0.15079383769808435,1.2323344486727978
4,5,0.7658158188943137,4.879639408647977
5,2,0.4786653511182912,3.404460046972835
6,1,0.0,4.46470458309974
7,1,0.0,4.46470458309974
8,1,0.2116994037831599,4.46470458309974
9,5,0.7256590282635568,4.879639408647977
10,0,0.2333671016244188,1.2323344486727978
11,5,0.7333517792067412,4.879639408647977
12,5,0.6963380691644091,4.879639408647977
13,4,0.7875827176900686,1.0823379771832098
14,0,0.1760268426131015,1.2323344486727978
15,4,0.6849567590374356,1.0823379771832098
16,3,0.3608219522611734,3.832290311184182
17,0,0.14219688822242393,1.2323344486727978
18,0,0.21177787347541188,1.2323344486727978
19,0,0.07778633043683983,1.2323344486727978
20,1,0.3923621230569465,4.46470458309974
21,1,0.2043126961806922,4.46470458309974
22,4,0.6585888631700908,1.0823379771832098
23,4,0.635833052250742,1.0823379771832098
24,0,0.3966767829301001,1.2323344486727978
25,4,0.6790092659650997,1.0823379771832098
26,1,0.1162773167215305,4.46470458309974
27,5,0.8603741204579376,4.879639408647977
28,5,0.7103910795640397,4.879639408647977
29,5,0.8153304161980071,4.879639408647977
30,4,0.5361547335395038,1.0823379771832098
31,3,0.3743212205403007,3.832290311184182
32,1,0.35791688079120315,4.46470458309974
33,3,0.6632367215113039,3.832290311184182
34,4,0.6925789109964311,1.0823379771832098
35,2,0.421519509567225,3.404460046972835
36,0,0.16802850313082673,1.2323344486727978
37,1,0.03522609919403208,4.46470458309974
38,5,0.7471640267794657,4.879639408647977
39,3,0.4956032651942348,3.832290311184182
40,2,0.6089271711129106,3.404460046972835
41,2,0.49490989041737976,3.404460046972835
42,1,0.0,4.46470458309974
43,1,0.38242088839700156,4.46470458309974
44,2,0.37846420152463456,3.404460046972835
45,0,0.12812373301795385,1.2323344486727978
46,0,0.26494841092982924,1.2323344486727978
47,3,0.7041324678265918,3.832290311184182
48,0,0.298884270929905,1.2323344486727978
49,2,0.3058938024097266,3.404460046972835
50,2,0.39058814332900926,3.404460046972835
51,4,0.7043156620995604,1.0823379771832098
52,2,0.5958912248086986,3.404460046972835
53,0,0.14912079170906012,1.2323344486727978
54,5,0.7863727837151918,4.879639408647977
55,3,0.4053357285168061,3.832290311184182
56,4,0.5921950891193711,1.0823379771832098
57,0,0.286274818832621,1.2323344486727978
58,3,0.7496006913852744,3.832290311184182
59,0,0.19235389199674663,1.2323344486727978
60,4,0.7536621206498572,1.0823379771832098
61,2,0.4977891081737256,3.404460046972835
62,5,0.7526487402678885,4.879639408647977
63,4,0.7065274479304149,1.0823379771832098
64,2,0.6857768456639242,3.404460046972835
65,4,0.6773702685573467,1.0823379771832098
66,1,0.6213615489930837,4.46470458309974
67,5,0.6077128626581736,4.879639408647977
68,0,0.2872704444692074,1.2323344486727978
69,0,0.20924274630439443,1.2323344486727978
70,5,0.7780531062447684,4.879639408647977
71,1,0.337673781279713,4.46470458309974
72,2,0.12238829360687686,3.404460046972835
73,0,0.17667501536141147,1.2323344486727978
74,1,0.3887824331858451,4.46470458309974
75,0,0.35692429391127034,1.2323344486727978
76,3,0.4875464595948923,3.832290311184182
77,2,0.3108034569586773,3.404460046972835
78,3,0.48985498114864745,3.832290311184182
79,5,0.8671897630249557,4.879639408647977
80,2,0.4925341285781842,3.404460046972835
81,1,0.2179643991084547,4.46470458309974
82,2,0.522019669390878,3.404460046972835
83,2,0.45551290416870155,3.404460046972835
84,1,0.5065679470764318,4.46470458309974
85,5,0.7484698799616407,4.879639408647977
86,2,0.38763988672953864,3.404460046972835
87,5,0.7712195838532274,4.879639408647977
88,5,0.6925792057425842,4.879639408647977
89,5,0.8217349849406056,4.879639408647977
90,0,0.22771911450919244,1.2323344486727978
91,4,0.680375342015121,1.0823379771832098
92,5,0.7827814972290575,4.879639408647977
93,1,0.04738948089627715,4.46470458309974
94,4,0.649123457156784,1.0823379771832098
95,5,0.7748450361809845,4.879639408647977
96,1,0.16547566490544816,4.46470458309974
97,1,0.2889352193916427,4.46470458309974
98,3,0.6164858138625928,3.832290311184182
99,3,0.8236864739404042,3.832290311184182
100,2,0.46789737584673075,3.404460046972835
101,5,0.8189039869856182,4.879639408647977
102,5,0.7945357309735518,4.879639408647977
103,4,0.5391568277853923,1.0823379771832098
104,1,0.31489323812134806,4.46470458309974
105,5,0.8044208479034762,4.879639408647977
106,2,0.8336238511573579,3.404460046972835
107,0,0.17957491696933664,1.2323344486727978
108,1,0.37808017297914875,4.46470458309974
109,0,0.19631426896211723,1.2323344486727978
110,2,0.25324631159919264,3.404460046972835
111,3,0.7197652268022541,3.832290311184182
112,2,0.5601582153205281,3.404460046972835
113,0,0.28399257727078686,1.2323344486727978
114,1,0.14484547775880424,4.46470458309974
115,4,0.7829690247287003,1.0823379771832098
116,5,0.6971052842419243,4.879639408647977
117,2,0.5337792302956403,3.404460046972835
118,1,0.7418974064425439,4.46470458309974
119,5,0.7272954479063136,4.879639408647977
120,3,0.48083227245862864,3.832290311184182
121,3,0.573931138530112,3.832290311184182
122,5,0.7630453008194682,4.879639408647977
123,3,0.3432191555754194,3.832290311184182
124,1,0.33320571889601835,4.46470458309974
125,2,0.2702448318920049,3.404460046972835
126,1,0.4112172864136061,4.46470458309974
127,1,0.14291232231640114,4.46470458309974
128,5,0.9137639113603704,4.879639408647977
129,4,0.622507018314334,1.0823379771832098
130,4,0.6563597842051305,1.0823379771832098
131,2,0.5699993120695641,3.404460046972835
132,5,0.7096555708821428,4.879639408647977
133,4,0.696696195193016,1.0823379771832098
134,3,0.7427369527003002,3.832290311184182
135,4,0.5620062359534008,1.0823379771832098
136,3,0.5858115868086752,3.832290311184182
137,2,0.4815290343580511,3.404460046972835
138,1,0.47058467198044174,4.46470458309974
139,1,0.08175445388273969,4.46470458309974
140,4,0.5830747925152914,1.0823379771832098
141,3,0.632966790257591,3.832290311184182
142,0,0.23153413488294972,1.2323344486727978
143,0,0.2265975858081377,1.2323344486727978
144,0,0.23678622350876677,1.2323344486727978
145,1,0.18902237919351184,4.46470458309974
146,5,0.8170472304707913,4.879639408647977
147,1,0.37644785264193326,4.46470458309974
148,5,0.7475671930777052,4.879639408647977
149,3,0.820832986661546,3.832290311184182
150,4,0.7147806612632184,1.0823379771832098
151,0,0.07350618212603377,1.2323344486727978
152,3,0.651785388652515,3.832290311184182
153,3,0.4237406987976954,3.832290311184182
154,4,0.7377742106554834,1.0823379771832098
155,3,0.7219702399192643,3.832290311184182
156,4,0.6197596231507575,1.0823379771832098
157,2,0.5939466300061009,3.404460046972835
158,4,0.7102992742000053,1.0823379771832098
159,0,0.28728718450332724,1.2323344486727978
160,5,0.939223045858624,4.879639408647977
161,5,0.7819887139820457,4.879639408647977
162,0,0.11996752689542413,1.2323344486727978
163,5,0.7347103720014893,4.879639408647977
164,4,0.6201172440238386,1.0823379771832098
165,2,0.4276792169001307,3.404460046972835
166,5,0.8250402745418228,4.879639408647977
167,2,0.4842149382961804,3.404460046972835
168,0,0.2878311593121762,1.2323344486727978
169,2,0.44207769050690265,3.404460046972835
170,3,0.7632022799618265,3.832290311184182
171,1,0.269025202690832,4.46470458309974
172,3,0.9402763108339897,3.832290311184182
173,0,0.26643399580687327,1.2323344486727978
174,5,0.7370853398993295,4.879639408647977
175,5,0.7213973708619422,4.879639408647977
176,2,0.5170986535195286,3.404460046972835
177,4,0.6635972067403048,1.0823379771832098
178,1,0.4575215973821698,4.46470458309974
179,4,0.7147369648475033,1.0823379771832098
180,0,0.19226695192685198,1.2323344486727978
181,5,0.7378460371155112,4.879639408647977
182,2,0.19792879007972583,3.404460046972835
183,5,0.7672261695310534,4.879639408647977
184,4,0.7428620660512073,1.0823379771832098
185,4,0.6957150794394742,1.0823379771832098
186,1,0.0800618092187351,4.46470458309974
187,1,0.3533558838631642,4.46470458309974
188,2,0.5015733671318648,3.404460046972835
189,1,0.14976274177646237,4.46470458309974
190,4,0.6912838526020002,1.0823379771832098
191,4,0.6842726826893764,1.0823379771832098
192,0,0.0786382504301958,1.2323344486727978
193,4,0.7062625926467684,1.0823379771832098
194,2,0.5296128577128807,3.404460046972835
195,3,0.711409234490818,3.832290311184182
196,0,0.3118937744733572,1.2323344486727978
197,0,0.05371766428109248,1.2323344486727978
198,2,0.29013641084970754,3.404460046972835
199,2,0.5223021676728267,3.404460046972835
200,1,0.4189588456403095,4.46470458309974
201,0,0.2546882875614713,1.2323344486727978
202,1,1.0,4.46470458309974
203,4,0.7219049597326339,1.0823379771832098
204,0,0.32057551548386337,1.2323344486727978
205,0,0.30129687825656076,1.2323344486727978
206,5,0.8478115824350869,4.879639408647977
207,3,0.5159257465514326,3.832290311184182
208,0,0.28058812433141916,1.2323344486727978
209,4,0.6232724683823536,1.0823379771832098
210,1,0.27438704404523107,4.46470458309974
211,1,0.22651551229889455,4.46470458309974
212,5,0.8060094945345425,4.879639408647977
213,3,0.8835864266774427,3.832290311184182
214,4,0.5429375138663655,1.0823379771832098
215,1,0.4521786166550221,4.46470458309974
216,2,0.18228946930442835,3.404460046972835
217,4,0.6453588814982391,1.0823379771832098
218,4,0.7599320185955427,1.0823379771832098
219,3,0.5689862677741502,3.832290311184182
220,1,0.11241865424813935,4.46470458309974
221,4,0.6274947077036759,1.0823379771832098
222,5,0.849881916176728,4.879639408647977
223,5,0.7463916895565008,4.879639408647977
224,1,0.3616914711582332,4.46470458309974
225,5,0.8033449355911858,4.879639408647977
226,2,0.3358748565802596,3.404460046972835
227,3,0.8597207522740706,3.832290311184182
228,5,0.8465291351886746,4.879639408647977
229,5,0.6513561987044092,4.879639408647977
230,2,0.4697952300638441,3.404460046972835
231,3,0.46748306448252686,3.832290311184182
232,4,0.7425709902342192,1.0823379771832098
233,3,0.4492065734836395,3.832290311184182
234,0,0.1878171678631847,1.2323344486727978
235,1,0.41726415855128335,4.46470458309974
236,1,0.4867506370504405,4.46470458309974
237,0,0.07255130580460128,1.2323344486727978
238,2,0.3865470064833523,3.404460046972835
239,0,0.14956982344871889,1.2323344486727978
240,4,0.6320438075771969,1.0823379771832098
241,4,0.8095892775638538,1.0823379771832098
242,1,0.39800237151478973,4.46470458309974
243,4,0.5874475922365924,1.0823379771832098
244,1,0.4967867700088744,4.46470458309974
245,0,0.42533270498689846,1.2323344486727978
246,0,0.3096282122364473,1.2323344486727978
247,5,0.688479493344465,4.879639408647977
248,5,0.764457617067605,4.879639408647977
249,0,0.3345219153171421,1.2323344486727978
250,1,0.18369780394307575,4.46470458309974
251,0,0.24712519861200996,1.2323344486727978
252,0,0.28225143223666255,1.2323344486727978
253,2,0.2918773529697641,3.404460046972835
254,0,0.19367953710683727,1.2323344486727978
255,4,0.4420819144403391,1.0823379771832098
256,1,0.12269562004438267,4.46470458309974
257,2,0.39963983892319715,3.404460046972835
258,5,0.7084137400586294,4.879639408647977
259,3,0.7882090967162549,3.832290311184182
260,1,0.04454455086957371,4.46470458309974
261,4,0.647699504282853,1.0823379771832098
262,1,0.3451815694524314,4.46470458309974
263,5,0.9057882747634933,4.879639408647977
264,4,0.5746037033375629,1.0823379771832098
265,4,0.7653794716912191,1.0823379771832098
266,3,0.5614305693707816,3.832290311184182
267,1,0.13095441998514476,4.46470458309974
268,3,0.6246014985298587,3.832290311184182
269,3,0.5878283011211841,3.832290311184182
270,1,0.20439394033252795,4.46470458309974
271,0,0.20741165643069426,1.2323344486727978
272,0,0.15908701010259574,1.2323344486727978
273,5,0.8083320798359086,4.879639408647977
274,3,0.652565055618422,3.832290311184182
275,2,0.6934440459616793,3.404460046972835
276,3,0.3869549125221655,3.832290311184182
277,3,0.858195447754825,3.832290311184182
278,3,0.28710052156162447,3.832290311184182
279,5,0.7888590987840818,4.879639408647977
280,0,0.26246811978973106,1.2323344486727978
281,5,0.8206245721306067,4.879639408647977
282,5,0.7542943670727708,4.879639408647977
283,5,0.7847239978897701,4.879639408647977
284,0,0.14765265896821136,1.2323344486727978
285,0,0.13742065023623964,1.2323344486727978
286,3,0.6787733303870358,3.832290311184182
287,5,0.8262046432211095,4.879639408647977
288,2,0.3292736763438986,3.404460046972835
289,0,0.2955204304106389,1.2323344486727978
290,1,0.3791880836713763,4.46470458309974
291,1,0.4765630527697796,4.46470458309974
292,1,0.4412710142579435,4.46470458309974
293,4,0.6191494482732529,1.0823379771832098
294,3,0.48168737813011603,3.832290311184182
295,1,0.4639340884780623,4.46470458309974
296,3,0.6453290139571745,3.832290311184182
297,1,0.31597420364051965,4.46470458309974
298,2,0.4587488092340311,3.404460046972835
299,3,0.7386159842630908,3.832290311184182
300,1,0.20605912316385755,4.46470458309974
301,0,0.25809135678317796,1.2323344486727978
302,3,0.5317337153550273,3.832290311184182
303,4,0.6640215910320314,1.0823379771832098
304,0,0.31666924450886147,1.2323344486727978
305,0,0.2876435480666814,1.2323344486727978
306,5,0.8597109386185517,4.879639408647977
307,4,0.7758257946505115,1.0823379771832098
308,0,0.20223020928284569,1.2323344486727978
309,0,0.2724104606023174,1.2323344486727978
310,1,0.26024040552580696,4.46470458309974
311,1,0.3824367559695444,4.46470458309974
312,3,0.5418061607331363,3.832290311184182
313,3,0.5735599168560014,3.832290311184182
314,3,0.6432022216779377,3.832290311184182
315,1,0.16240484943574265,4.46470458309974
316,3,0.8525131730065267,3.832290311184182
317,0,0.09318005048060328,1.2323344486727978
318,1,0.0861385966320174,4.46470458309974
319,3,0.721902478684252,3.832290311184182
320,0,0.28405955062073196,1.2323344486727978
321,3,0.647251184397674,3.832290311184182
322,2,0.5404090413850923,3.404460046972835
323,3,0.5582879161873284,3.832290311184182
324,2,0.2966195667969942,3.404460046972835
325,3,0.5705973841952087,3.832290311184182
326,5,0.7502968869677884,4.879639408647977
327,5,0.8715729869336177,4.879639408647977
328,4,0.669205577015545,1.0823379771832098
329,5,0.7394091842724952,4.879639408647977
330,5,0.7764105433856245,4.879639408647977
331,3,0.6177273104878698,3.832290311184182
332,1,0.21142262277601068,4.46470458309974
333,1,0.16163447625862448,4.46470458309974
334,2,0.47894099495094483,3.404460046972835
335,1,0.3671823121172229,4.46470458309974
336,0,0.14617225765858918,1.2323344486727978
337,4,0.6454244713132521,1.0823379771832098
338,5,0.8170322746687044,4.879639408647977
339,4,0.5737065603941749,1.0823379771832098
340,0,0.05055406388191938,1.2323344486727978
341,5,0.7472667846849896,4.879639408647977
342,2,0.4058913391219119,3.404460046972835
343,0,0.23301248176534337,1.2323344486727978
344,0,0.35665482477324967,1.2323344486727978
345,4,0.7429546144162539,1.0823379771832098
346,3,0.5376407898149376,3.832290311184182
347,4,0.6786041571693635,1.0823379771832098
348,4,0.6064115414969481,1.0823379771832098
349,1,0.31643423771370893,4.46470458309974
350,0,0.16934993191487313,1.2323344486727978
351,4,0.703688444671328,1.0823379771832098
352,0,0.11216377643553842,1.2323344486727978
353,1,0.42002984987303926,4.46470458309974
354,0,0.36274777784582335,1.2323344486727978
355,4,0.6720167010026739,1.0823379771832098
356,0,0.24265415952554453,1.2323344486727978
357,5,0.8506560017280388,4.879639408647977
358,1,0.24272207000874793,4.46470458309974
359,3,0.5913278539126073,3.832290311184182
360,0,0.20133707393189781,1.2323344486727978
361,4,0.6871696987423382,1.0823379771832098
362,1,0.17111279173129237,4.46470458309974
363,4,0.6817991153226804,1.0823379771832098
364,4,0.7165544670136884,1.0823379771832098
365,0,0.35408390528897393,1.2323344486727978
366,4,0.7504131608195466,1.0823379771832098
367,0,0.428627104906043,1.2323344486727978
368,3,0.4527257525279701,3.832290311184182
369,5,0.8640276177317259,4.879639408647977
370,4,0.6934578158576108,1.0823379771832098
371,4,0.8407376581325059,1.0823379771832098
372,4,0.620668645799283,1.0823379771832098
373,2,0.30581321269850514,3.404460046972835
374,2,0.3442175999430986,3.404460046972835
375,1,0.0,4.46470458309974
376,5,0.761410013552746,4.879639408647977
377,5,0.744280286610723,4.879639408647977
378,2,0.4640327904118097,3.404460046972835
379,1,0.385824643109722,4.46470458309974
380,2,0.7398103951771817,3.404460046972835
381,3,0.6928680860562811,3.832290311184182
382,1,0.2088842333881159,4.46470458309974
383,5,0.734057101574583,4.879639408647977
384,5,0.8361064628558262,4.879639408647977
385,2,0.22902793325136503,3.404460046972835
386,3,0.8160356875880792,3.832290311184182
387,2,0.6284734595006586,3.404460046972835
388,0,0.15018245171982703,1.2323344486727978
389,0,0.01809763202637346,1.2323344486727978
390,3,0.7492696962053871,3.832290311184182
391,4,0.6715924550974491,1.0823379771832098
392,4,0.7708591783154088,1.0823379771832098
393,0,0.030702048337527016,1.2323344486727978
394,0,0.13635775000262434,1.2323344486727978
395,4,0.6803849022210472,1.0823379771832098
396,1,0.32904879808060306,4.46470458309974
397,4,0.6469639359804966,1.0823379771832098
398,2,0.5395308531877769,3.404460046972835
399,1,0.11436867612644083,4.46470458309974
400,2,0.4172478876778632,3.404460046972835
401,0,0.21277311261532392,1.2323344486727978
402,1,0.4190845955998109,4.46470458309974
403,2,0.5537154108540339,3.404460046972835
404,2,0.26028321571839264,3.404460046972835
405,1,0.024518647995537823,4.46470458309974
406,3,0.7386176515186428,3.832290311184182
407,4,0.7043927776513339,1.0823379771832098
408,5,0.7450617034349356,4.879639408647977
409,2,0.6878726761128182,3.404460046972835
410,4,0.6884908415910502,1.0823379771832098
411,5,0.886559443987472,4.879639408647977
412,4,0.6849560453216571,1.0823379771832098
413,0,0.41881231214906267,1.2323344486727978
414,5,0.9288405750336813,4.879639408647977
415,4,0.6617253353813544,1.0823379771832098
416,2,0.5952561550684979,3.404460046972835
417,5,0.8473700642330659,4.879639408647977
418,0,0.34532269180907993,1.2323344486727978
419,1,0.1341488461863843,4.46470458309974
420,2,0.5496303998733811,3.404460046972835
421,0,0.3123845893068199,1.2323344486727978
422,0,0.013255251238874888,1.2323344486727978
423,5,0.7131497977491573,4.879639408647977
424,4,0.5303146563239052,1.0823379771832098
425,1,0.26811031851511485,4.46470458309974
426,2,0.5546626004252483,3.404460046972835
427,2,0.6800752916905916,3.404460046972835
428,4,0.6854387640567351,1.0823379771832098
429,1,0.6336829921009973,4.46470458309974
430,5,0.6987016873408266,4.879639408647977
431,2,0.16780103410285635,3.404460046972835
432,1,0.30930111625079426,4.46470458309974
433,5,0.8281900882697147,4.879639408647977
434,5,0.7976002323633278,4.879639408647977
435,2,0.10962463115675042,3.404460046972835
436,4,0.6734583399142166,1.0823379771832098
437,3,0.37763676489673226,3.832290311184182
438,2,0.5470130647526505,3.404460046972835
439,0,0.23892577490419464,1.2323344486727978
440,0,0.10020260765264004,1.2323344486727978
441,5,0.7622825906401782,4.879639408647977
442,3,0.41192324968729577,3.832290311184182
443,2,0.429983937214016,3.404460046972835
444,0,0.30141798376056383,1.2323344486727978
445,0,0.09533460510140451,1.2323344486727978
446,2,0.5205461751384238,3.404460046972835
447,1,0.21786859350094867,4.46470458309974
448,5,0.7418037858134272,4.879639408647977
449,2,0.4228966457407776,3.404460046972835
450,1,0.12060493090026245,4.46470458309974
451,5,0.7593625960593251,4.879639408647977
452,3,0.3925381408560005,3.832290311184182
453,4,0.8242163182579247,1.0823379771832098
454,5,0.8025883157298636,4.879639408647977
455,3,0.46217923280504436,3.832290311184182
456,4,0.6957067237499234,1.0823379771832098
457,0,0.18807289335329413,1.2323344486727978
458,0,0.17653722301271474,1.2323344486727978
459,0,0.2652128453261248,1.2323344486727978
460,5,0.855600443284336,4.879639408647977
461,1,0.21782168802944263,4.46470458309974
462,4,0.6377333311106653,1.0823379771832098
463,0,0.17079473084136598,1.2323344486727978
464,2,0.0721550896961356,3.404460046972835
465,4,0.5687807394598601,1.0823379771832098
466,4,0.7803323931015933,1.0823379771832098
467,1,0.636832536496276,4.46470458309974
468,3,0.5251850673294929,3.832290311184182
469,1,0.431048991138394,4.46470458309974
470,0,0.2330488582082762,1.2323344486727978
471,2,0.9320023553250572,3.404460046972835
472,2,0.6189070534578515,3.404460046972835
473,0,0.1864175799385805,1.2323344486727978
474,2,0.28730550591868187,3.404460046972835
475,1,0.01058695911485541,4.46470458309974
476,5,0.8149340636358063,4.879639408647977
477,1,0.17432144160494645,4.46470458309974
478,5,0.6956077467363553,4.879639408647977
479,0,0.131346233051722,1.2323344486727978
480,2,0.2671696118556868,3.404460046972835
481,4,0.8038409133743061,1.0823379771832098
482,3,0.6832521559229529,3.832290311184182
483,4,0.6794147858353262,1.0823379771832098
484,5,0.90862668335508,4.879639408647977
485,1,0.33490168892387817,4.46470458309974
486,1,0.15411050812044405,4.46470458309974
487,1,0.6133645814681328,4.46470458309974
488,1,0.4237979254440827,4.46470458309974
489,3,0.41499426071043494,3.832290311184182
490,0,0.17978964542921694,1.2323344486727978
491,1,0.15134966726377946,4.46470458309974
492,5,0.6985036363388615,4.879639408647977
493,2,0.588002330451818,3.404460046972835
494,3,0.8269341027761736,3.832290311184182
495,5,0.6973462896336904,4.879639408647977
496,5,0.8413214792407662,4.879639408647977
497,1,0.19468159172039518,4.46470458309974
498,2,0.3621578063390183,3.404460046972835
499,1,0.20590069696742586,4.46470458309974
500,5,0.7365837876623428,4.879639408647977
501,0,0.2051520758418098,1.2323344486727978
502,3,0.4438341936093507,3.832290311184182
503,0,0.22871738103959113,1.2323344486727978
504,3,0.5529767739597814,3.832290311184182
505,1,0.27397689865998914,4.46470458309974
506,1,0.14519675327581197,4.46470458309974
507,3,0.4793680758986315,3.832290311184182
508,2,0.5607108314415795,3.404460046972835
509,2,0.5200461113847572,3.404460046972835
510,1,0.13171587427966797,4.46470458309974
511,1,0.339132111850498,4.46470458309974
512,0,0.2797830495417966,1.2323344486727978
513,5,0.6774670245326436,4.879639408647977
514,1,0.4246550558833841,4.46470458309974
515,3,0.46736601178418824,3.832290311184182
516,2,0.5311811487220349,3.404460046972835
517,2,0.31803188037969343,3.404460046972835
518,0,0.008355781493519093,1.2323344486727978
519,2,0.17992019742012588,3.404460046972835
520,2,0.4476839307803376,3.404460046972835
521,5,0.8190634181475583,4.879639408647977
522,4,0.6136206311880373,1.0823379771832098
523,3,0.6492744419475669,3.832290311184182
524,5,0.6780457931151584,4.879639408647977
525,4,0.6751495580157847,1.0823379771832098
526,2,0.24648071176263892,3.404460046972835
527,0,0.1307873786171086,1.2323344486727978
528,0,0.20503283916402923,1.2323344486727978
529,2,0.30250672610958995,3.404460046972835
530,1,0.24593185416222685,4.46470458309974
531,4,0.7538647058578177,1.0823379771832098
532,2,0.3478132034881626,3.404460046972835
533,0,0.28873463904915936,1.2323344486727978
534,0,0.08004657632619744,1.2323344486727978
535,4,0.7188891080266241,1.0823379771832098
536,3,0.7615295238292559,3.832290311184182
537,2,0.04503345493293742,3.404460046972835
538,5,0.7415085432561793,4.879639408647977
539,2,0.5322156015216835,3.404460046972835
540,3,0.5316145042430954,3.832290311184182
541,4,0.7072431448539475,1.0823379771832098
542,4,0.6356657985123931,1.0823379771832098
543,0,0.20919419176730517,1.2323344486727978
544,3,0.5382365135658249,3.832290311184182
545,4,0.7657184685219749,1.0823379771832098
546,1,0.36900327250136156,4.46470458309974
547,2,0.4939485986105278,3.404460046972835
548,0,0.15626648451757663,1.2323344486727978
549,5,0.764210103940805,4.879639408647977
550,3,0.4995288962519523,3.832290311184182
551,0,0.24188332996180947,1.2323344486727978
552,4,0.6490985620072457,1.0823379771832098
553,4,0.7012702847259278,1.0823379771832098
554,5,0.9523327127457821,4.879639408647977
555,5,0.8639398372113112,4.879639408647977
556,5,0.7760701407137824,4.879639408647977
557,5,0.8881681145495672,4.879639408647977
558,5,0.7700476030375953,4.879639408647977
559,1,0.0,4.46470458309974
560,2,0.2789087235919476,3.404460046972835
561,3,0.29846558559529707,3.832290311184182
562,0,0.16267594048454226,1.2323344486727978
563,5,0.8013518938935343,4.879639408647977
564,2,0.7078931590755795,3.404460046972835
565,4,0.7039973833449235,1.0823379771832098
566,2,0.40498793459919225,3.404460046972835
567,5,0.8608776879293076,4.879639408647977
568,0,0.0,1.2323344486727978
569,5,0.8172939149018842,4.879639408647977
570,2,0.5631835574761285,3.404460046972835
571,4,0.5714676353344895,1.0823379771832098
572,2,0.6227708567428123,3.404460046972835
573,5,0.8248453580831135,4.879639408647977
574,3,0.5019432593487795,3.832290311184182
575,2,0.5411179671770018,3.404460046972835
576,3,0.8774400745397524,3.832290311184182
577,5,0.8133488336364035,4.879639408647977
578,2,0.479665424125725,3.404460046972835
579,4,0.6462816255701854,1.0823379771832098
580,1,0.15631390148594665,4.46470458309974
581,1,0.47992861181418844,4.46470458309974
582,3,0.44032053186992637,3.832290311184182
583,5,0.8052529029880656,4.879639408647977
584,3,0.4932240752048695,3.832290311184182
585,5,0.8351567255125236,4.879639408647977
586,5,0.8244905242746382,4.879639408647977
587,1,0.5198376074845548,4.46470458309974
588,4,0.6425633702843631,1.0823379771832098
589,4,0.6601904251612373,1.0823379771832098
590,2,0.28359444764826436,3.404460046972835
591,3,0.49788834755377576,3.832290311184182
592,4,0.7076949111467106,1.0823379771832098
593,0,0.2803778217989352,1.2323344486727978
594,2,0.2926388191941329,3.404460046972835
595,2,0.5789622357973845,3.404460046972835
596,1,0.5811055389417635,4.46470458309974
597,3,0.6177976920328925,3.832290311184182
598,4,0.8177620602874086,1.0823379771832098
599,4,0.6232017092198443,1.0823379771832098
600,5,0.7086433678203397,4.879639408647977
601,2,0.15576212059850514,3.404460046972835
602,3,0.7691451585456163,3.832290311184182
603,3,0.6514795156092308,3.832290311184182
604,3,0.5522293312297006,3.832290311184182
605,5,0.820549467051783,4.879639408647977
606,1,0.10322276678894624,4.46470458309974
607,4,0.8595250337887237,1.0823379771832098
608,3,0.5780649626378773,3.832290311184182
609,5,0.8080294880069948,4.879639408647977
610,1,0.45978783806323137,4.46470458309974
611,5,0.8353056822441438,4.879639408647977
612,0,0.22377223357318632,1.2323344486727978
613,2,0.3136829003463388,3.404460046972835
614,4,0.714607095670598,1.0823379771832098
615,5,0.9381390511120427,4.879639408647977
616,5,0.8987527255203476,4.879639408647977
617,4,0.7969443530508726,1.0823379771832098
618,2,0.35830819946244374,3.404460046972835
619,0,0.0949227529383352,1.2323344486727978
620,1,0.2957725403203212,4.46470458309974
621,5,0.8040901627589225,4.879639408647977
622,2,0.614850810328871,3.404460046972835
623,1,0.0,4.46470458309974
624,1,0.6146023216357902,4.46470458309974
625,1,0.28956654961532874,4.46470458309974
626,0,0.1546733335018596,1.2323344486727978
627,0,0.09253372728760982,1.2323344486727978
628,1,0.0012627794566085204,4.46470458309974
629,3,0.6750782373026302,3.832290311184182
630,4,0.685381743793531,1.0823379771832098
631,0,0.06303063870832756,1.2323344486727978
632,3,0.37894957720691463,3.832290311184182
633,3,0.5130577111714557,3.832290311184182
634,5,0.9225048081047171,4.879639408647977
635,4,0.6609452689752653,1.0823379771832098
636,1,0.03048392582779974,4.46470458309974
637,5,0.7819626610844975,4.879639408647977
638,5,0.7799823141455418,4.879639408647977
639,3,0.18297855739572605,3.832290311184182
640,3,0.5524096443007244,3.832290311184182
641,3,0.5277156361190438,3.832290311184182
642,1,0.4540943209269347,4.46470458309974
643,1,0.67612215645552,4.46470458309974
644,5,0.8826889471891642,4.879639408647977
645,5,0.7802637911262189,4.879639408647977
646,0,0.08250795275774783,1.2323344486727978
647,0,0.4732419631444273,1.2323344486727978
648,3,0.5682786643922698,3.832290311184182
649,1,0.32268288116061705,4.46470458309974
650,1,0.31535333582567004,4.46470458309974
651,5,0.8145392586246767,4.879639408647977
652,4,0.6694035421234905,1.0823379771832098
653,3,0.47980275553393537,3.832290311184182
654,0,0.1419339610112425,1.2323344486727978
655,4,0.6775958183858287,1.0823379771832098
656,1,0.21533250578715107,4.46470458309974
657,0,0.12430930924157985,1.2323344486727978
658,3,0.5748788152020113,3.832290311184182
659,1,0.27088956586736745,4.46470458309974
660,3,0.770256373847317,3.832290311184182
661,5,0.605420995027446,4.879639408647977
662,4,0.7601196548567052,1.0823379771832098
663,4,0.7714661372662214,1.0823379771832098
664,4,0.5278073596045506,1.0823379771832098
665,2,0.38523883387587143,3.404460046972835
666,3,0.5080730228293292,3.832290311184182
667,4,0.5766847061116035,1.0823379771832098
668,5,0.7429088944569214,4.879639408647977
669,4,0.5984806276990405,1.0823379771832098
670,3,0.8049652573056695,3.832290311184182
671,4,0.7486814102759078,1.0823379771832098
672,3,0.7377618416110413,3.832290311184182
673,1,0.45899919657550337,4.46470458309974
674,5,0.7171285280162728,4.879639408647977
675,3,0.4866727105547601,3.832290311184182
676,3,0.6284139630157902,3.832290311184182
677,2,0.2447050867211802,3.404460046972835
678,1,0.4573285927105246,4.46470458309974
679,5,0.7823603133105506,4.879639408647977
680,2,0.38010397556384556,3.404460046972835
681,4,0.7321864495573908,1.0823379771832098
682,3,0.6221074656700903,3.832290311184182
683,5,0.7735053801248643,4.879639408647977
684,1,0.5432952046540803,4.46470458309974
685,2,0.2672470626423647,3.404460046972835
686,3,0.6461070418696484,3.832290311184182
687,0,0.262976095245619,1.2323344486727978
688,5,0.7772795457859157,4.879639408647977
689,2,0.49211576058798717,3.404460046972835
690,1,0.07902658477875746,4.46470458309974
691,2,0.5876586779797704,3.404460046972835
692,2,0.4104528066222125,3.404460046972835
693,2,0.3564693363342537,3.404460046972835
694,4,0.7570002102758413,1.0823379771832098
695,0,0.12521207003807078,1.2323344486727978
696,1,0.048720289510198134,4.46470458309974
697,1,0.020182097567171986,4.46470458309974
698,1,0.4367218471529436,4.46470458309974
699,3,0.3809975480821632,3.832290311184182
700,5,0.9288004506053298,4.879639408647977
701,1,0.0,4.46470458309974
702,5,0.9245185030309071,4.879639408647977
703,1,0.3606434721059182,4.46470458309974
704,0,0.18973090334437515,1.2323344486727978
705,3,0.48382098048169064,3.832290311184182
706,3,0.6157987388985495,3.832290311184182
707,2,0.43398600875222804,3.404460046972835
708,4,0.7609854430452961,1.0823379771832098
709,3,0.5759688850833132,3.832290311184182
710,3,0.5810120017764308,3.832290311184182
711,0,0.16139128521276772,1.2323344486727978
712,1,0.30903186594008847,4.46470458309974
713,3,0.603030309504316,3.832290311184182
714,3,0.32092055771674405,3.832290311184182
715,4,0.5810394204015277,1.0823379771832098
716,5,0.8545549735756651,4.879639408647977
717,0,0.218142666131899,1.2323344486727978
718,4,0.6664951086820949,1.0823379771832098
719,3,0.5625770412172774,3.832290311184182
720,3,0.6085914957980495,3.832290311184182
721,0,0.14268776776271952,1.2323344486727978
722,2,0.3156276121482321,3.404460046972835
723,2,0.47129589379448594,3.404460046972835
724,3,0.4232246865152495,3.832290311184182
725,3,0.6170732341715169,3.832290311184182
726,4,0.5550256029121925,1.0823379771832098
727,5,0.8755391778656691,4.879639408647977
728,5,0.8346882667578202,4.879639408647977
729,4,0.6987932983747673,1.0823379771832098
730,4,0.7521322658908087,1.0823379771832098
731,1,0.6407822794197308,4.46470458309974
732,3,0.7018076900816971,3.832290311184182
733,1,0.0,4.46470458309974
734,2,0.23552476350342288,3.404460046972835
735,3,0.4726511297219996,3.832290311184182
736,3,0.5636474967960907,3.832290311184182
737,0,0.2549655616807934,1.2323344486727978
738,3,0.4585419056776521,3.832290311184182
739,2,0.4698451592431948,3.404460046972835
740,5,0.7445555136519423,4.879639408647977
741,5,0.7551150958971861,4.879639408647977
742,3,0.36335050515487427,3.832290311184182
743,5,0.732235438586629,4.879639408647977
744,1,0.05965588587215931,4.46470458309974
745,3,0.4235741169917572,3.832290311184182
746,1,0.52293893931037,4.46470458309974
747,4,0.610311466977435,1.0823379771832098
748,4,0.8732242038740172,1.0823379771832098
749,0,0.2523809968278634,1.2323344486727978
750,3,0.5858398632301481,3.832290311184182
751,4,0.6169941389093804,1.0823379771832098
752,4,0.7314047032615194,1.0823379771832098
753,5,0.7577486566994109,4.879639408647977
754,0,0.21295512630394084,1.2323344486727978
755,0,0.4718323819968132,1.2323344486727978
756,5,0.792949282316604,4.879639408647977
757,3,0.7206670004306241,3.832290311184182
758,1,0.18456319564910134,4.46470458309974
759,3,0.5551086519723639,3.832290311184182
760,1,0.6610688564965435,4.46470458309974
761,0,0.13342799966002988,1.2323344486727978
762,2,0.7296276325446318,3.404460046972835
763,3,0.6589428519028679,3.832290311184182
764,2,0.3501183203415671,3.404460046972835
765,1,0.44180624970344107,4.46470458309974
766,3,0.6959619183732297,3.832290311184182
767,2,0.5393646669060048,3.404460046972835
768,2,0.18907951666912853,3.404460046972835
769,3,0.45834711528636213,3.832290311184182
770,2,0.40044674696605587,3.404460046972835
771,3,0.5495942979692046,3.832290311184182
772,2,0.539182837166305,3.404460046972835
773,0,0.21886847314798813,1.2323344486727978
774,3,0.373320497614527,3.832290311184182
775,0,0.24036979479549098,1.2323344486727978
776,5,0.8448164918331421,4.879639408647977
777,4,0.7210901840893816,1.0823379771832098
778,0,0.3147583974873061,1.2323344486727978
779,2,0.573260002488262,3.404460046972835
780,1,0.4084413645425589,4.46470458309974
781,5,0.7948498944516117,4.879639408647977
782,0,0.02363747750821457,1.2323344486727978
783,5,0.8315336241598216,4.879639408647977
784,0,0.2220524900131364,1.2323344486727978
785,0,0.22883651735370625,1.2323344486727978
786,1,0.07408910070085653,4.46470458309974
787,1,0.11178078512896525,4.46470458309974
788,0,0.3118248418944069,1.2323344486727978
789,4,0.6770965411080864,1.0823379771832098
790,1,0.4512619042917046,4.46470458309974
791,1,0.3254543216047521,4.46470458309974
792,1,0.3257312451031074,4.46470458309974
793,3,0.6911709244536326,3.832290311184182
794,5,0.7621227411115871,4.879639408647977
795,0,0.2102062019299257,1.2323344486727978
796,4,0.6460677012566637,1.0823379771832098
797,1,0.23631292170322843,4.46470458309974
798,3,0.5167781166078109,3.832290311184182
799,5,0.8163044362551566,4.879639408647977
800,2,0.36349640531059235,3.404460046972835
801,2,0.640668687725533,3.404460046972835
802,1,0.1476922407631956,4.46470458309974
803,4,0.6662830988130375,1.0823379771832098
804,4,0.6477225108054538,1.0823379771832098
805,5,0.9062069873687147,4.879639408647977
806,5,0.8144269590378357,4.879639408647977
807,0,0.3095623034401195,1.2323344486727978
808,1,0.03387045639586628,4.46470458309974
809,2,0.4826743898097764,3.404460046972835
810,0,0.29446190336963324,1.2323344486727978
811,4,0.6860398748843112,1.0823379771832098
812,0,0.31313379069924396,1.2323344486727978
813,2,0.35733777574860887,3.404460046972835
814,4,0.7834500427385965,1.0823379771832098
815,5,0.9687372326953297,4.879639408647977
816,3,0.509275614587861,3.832290311184182
817,3,0.4977192943047999,3.832290311184182
818,5,0.9066772260116939,4.879639408647977
819,1,0.6242368828294553,4.46470458309974
820,0,0.14448219013575855,1.2323344486727978
821,4,0.6491571127549377,1.0823379771832098
822,5,0.7793172413223768,4.879639408647977
823,5,0.701318437560603,4.879639408647977
824,1,0.14306107045571356,4.46470458309974
825,0,0.09337931134457643,1.2323344486727978
826,5,0.7436442898122352,4.879639408647977
827,2,0.4344573865147308,3.404460046972835
828,5,0.817191168855482,4.879639408647977
829,4,0.793811071474831,1.0823379771832098
830,0,0.09399375180255275,1.2323344486727978
831,4,0.7522520162789326,1.0823379771832098
832,0,0.1772784467164898,1.2323344486727978
833,2,0.4320957441466135,3.404460046972835
834,4,0.7295336375651137,1.0823379771832098
835,3,0.40304483938141733,3.832290311184182
836,5,0.8280685610483831,4.879639408647977
837,2,0.466598911612616,3.404460046972835
838,0,0.2522889764426294,1.2323344486727978
839,4,0.7012257869975532,1.0823379771832098
840,5,0.9802170121365664,4.879639408647977
841,2,0.3380897300490046,3.404460046972835
842,0,0.14361820285481386,1.2323344486727978
843,3,0.4728857192300829,3.832290311184182
844,3,0.4823449805175951,3.832290311184182
845,0,0.13232158607269978,1.2323344486727978
846,3,0.7262230516850875,3.832290311184182
847,2,0.6669952879763837,3.404460046972835
848,5,0.758107691163459,4.879639408647977
849,3,0.44363771248865863,3.832290311184182
850,5,0.8346015143589485,4.879639408647977
851,1,0.21363789550687812,4.46470458309974
852,3,0.6484830912804139,3.832290311184182
853,1,0.35908442389605233,4.46470458309974
854,5,0.6887456278244262,4.879639408647977
855,4,0.7935912087048705,1.0823379771832098
856,5,0.9318159450843309,4.879639408647977
857,2,0.34207692411901347,3.404460046972835
858,4,0.6515416214614074,1.0823379771832098
859,4,0.7009833189778123,1.0823379771832098
860,3,0.6067566487378071,3.832290311184182
861,3,0.6520636810418851,3.832290311184182
862,3,0.8410241272538974,3.832290311184182
863,5,0.7870122189436343,4.879639408647977
864,4,0.6214027501588025,1.0823379771832098
865,2,0.219586040789681,3.404460046972835
866,2,0.3231980438340861,3.404460046972835
867,1,0.3136195083004344,4.46470458309974
868,0,0.3905479804979526,1.2323344486727978
869,2,0.3572861847820501,3.404460046972835
870,3,0.5912852809684004,3.832290311184182
871,1,0.31683683285900516,4.46470458309974
872,3,0.7261359210292619,3.832290311184182
873,4,0.8654839055298879,1.0823379771832098
874,4,0.6410327477233282,1.0823379771832098
875,5,0.7640755472137016,4.879639408647977
876,3,0.7059724090420565,3.832290311184182
877,2,0.5489656403881978,3.404460046972835
878,0,0.39608526347542206,1.2323344486727978
879,3,0.6416324436123735,3.832290311184182
880,2,0.3825854503911149,3.404460046972835
881,1,0.4337643411880113,4.46470458309974
882,3,0.7149953997754841,3.832290311184182
883,1,0.47803073123268036,4.46470458309974
884,2,0.5210619291966838,3.404460046972835
885,2,0.610453646078881,3.404460046972835
886,2,0.6268523727812371,3.404460046972835
887,2,0.6608677507608215,3.404460046972835
888,4,0.7276171195849775,1.0823379771832098
889,5,0.7877336702673772,4.879639408647977
890,2,0.46344471376916774,3.404460046972835
891,4,0.7685611316208545,1.0823379771832098
892,0,0.11325693895530681,1.2323344486727978
893,4,0.7070616517063099,1.0823379771832098
894,1,0.244240133961746,4.46470458309974
895,0,0.20305215455647882,1.2323344486727978
896,1,0.5662389645059396,4.46470458309974
897,5,0.8140265145188642,4.879639408647977
898,3,0.5664917724373829,3.832290311184182
899,3,0.3698937805382435,3.832290311184182
900,4,0.7347770983208942,1.0823379771832098
901,1,0.44432486589287035,4.46470458309974
902,5,0.958781118604332,4.879639408647977
903,3,0.5169729805114796,3.832290311184182
904,5,0.8160854539200156,4.879639408647977
905,5,0.818304557403558,4.879639408647977
906,3,0.7805260323914006,3.832290311184182
907,3,0.546677801535224,3.832290311184182
908,0,0.22962678960196625,1.2323344486727978
909,0,0.26454707013524636,1.2323344486727978
910,2,0.46981996830339684,3.404460046972835
911,1,0.23401369564015206,4.46470458309974
912,3,0.5871335427868626,3.832290311184182
913,5,0.8788036879685526,4.879639408647977
914,1,0.12228581789463402,4.46470458309974
915,2,0.46124843309536634,3.404460046972835
916,5,0.7486117076474672,4.879639408647977
917,4,0.767719763992768,1.0823379771832098
918,2,0.19659611677858302,3.404460046972835
919,3,0.4818634117555881,3.832290311184182
920,4,0.7076884063391725,1.0823379771832098
921,4,0.7949138410548833,1.0823379771832098
922,2,0.42949316802965887,3.404460046972835
923,3,0.48238378760378076,3.832290311184182
924,5,0.9380753826806958,4.879639408647977
925,4,0.5737117309664841,1.0823379771832098
926,2,0.08863280624928627,3.404460046972835
927,2,0.5103139092649441,3.404460046972835
928,5,0.763149632595772,4.879639408647977
929,3,0.41723290559610304,3.832290311184182
930,2,0.5531947165748942,3.404460046972835
931,2,0.4789591325120321,3.404460046972835
932,2,0.34986074740247997,3.404460046972835
933,1,0.0734042238100607,4.46470458309974
934,0,0.2926384071275019,1.2323344486727978
935,5,0.8477242320295874,4.879639408647977
936,1,0.30089801992918785,4.46470458309974
937,2,0.7350909138771389,3.404460046972835
938,0,0.08637731035020997,1.2323344486727978
939,5,0.6880277063588819,4.879639408647977
940,4,0.6292120130498347,1.0823379771832098
941,5,0.796654023868913,4.879639408647977
942,1,0.36686891683388373,4.46470458309974
943,1,0.2735362113932921,4.46470458309974
944,1,0.38780838514295857,4.46470458309974
945,5,0.7081380349667125,4.879639408647977
946,3,0.7618365196154379,3.832290311184182
947,2,0.42687231634596734,3.404460046972835
948,5,0.8820085956777407,4.879639408647977
949,4,0.7051569987069373,1.0823379771832098
950,4,0.7135269633982013,1.0823379771832098
951,4,0.7218225114761724,1.0823379771832098
952,2,0.5115434210453331,3.404460046972835
953,0,0.26824495682338145,1.2323344486727978
954,1,0.5760042753762976,4.46470458309974
955,2,0.47140390433394863,3.404460046972835
956,1,0.4565591902250937,4.46470458309974
957,2,0.42566031759826517,3.404460046972835
958,1,0.5973768667177275,4.46470458309974
959,2,0.33191312478774826,3.404460046972835
960,0,0.3912256882124564,1.2323344486727978
961,5,0.7970524394305155,4.879639408647977
962,4,0.5749771069623958,1.0823379771832098
963,1,0.3446738257410334,4.46470458309974
964,2,0.3311685640264217,3.404460046972835
965,0,0.28926038766141204,1.2323344486727978
966,0,0.13070372161929705,1.2323344486727978
967,4,0.6472488884435449,1.0823379771832098
968,2,0.13805310827402006,3.404460046972835
969,5,0.7668010879401023,4.879639408647977
970,1,0.0,4.46470458309974
971,5,0.683742834644392,4.879639408647977
972,3,0.6663050356184983,3.832290311184182
973,0,0.28343706065424545,1.2323344486727978
974,0,0.24517551695256573,1.2323344486727978
975,4,0.6090212473648459,1.0823379771832098
976,2,0.43237576864517074,3.404460046972835
977,3,0.5594963694567886,3.832290311184182
978,3,0.39806203819346603,3.832290311184182
979,3,0.7701732373604058,3.832290311184182
980,2,0.580201696750059,3.404460046972835
981,1,0.2774407211189305,4.46470458309974
982,0,0.20285476574957495,1.2323344486727978
983,2,0.4732993833466664,3.404460046972835
984,3,0.2745679713593172,3.832290311184182
985,0,0.1737544539401235,1.2323344486727978
986,0,0.12758621840554138,1.2323344486727978
987,3,0.4199747519754876,3.832290311184182
988,3,0.520702524068735,3.832290311184182
989,0,0.39088018515495454,1.2323344486727978
990,4,0.7270396578561686,1.0823379771832098
991,5,0.7580759316302675,4.879639408647977
992,5,0.8420271055173714,4.879639408647977
993,0,0.34858498455859377,1.2323344486727978
994,1,0.4980910547256874,4.46470458309974
995,1,0.33148523536295255,4.46470458309974
996,4,0.6325130316382463,1.0823379771832098
997,2,0.5515754510201745,3.404460046972835
998,0,0.24178067872417186,1.2323344486727978
999,1,0.4924206111936154,4.46470458309974
1000,0,0.26744318839766723,1.2323344486727978
1001,4,0.7570401039234855,1.0823379771832098
1002,3,0.48517477435571216,3.832290311184182
1003,4,0.7767004079387967,1.0823379771832098
1004,4,0.6945043634860308,1.0823379771832098
1005,4,0.8323299506178202,1.0823379771832098
1006,1,0.1872575013263436,4.46470458309974
1007,4,0.8074245970223312,1.0823379771832098
1008,3,0.5876676846182319,3.832290311184182
1009,3,0.4689325626259048,3.832290311184182
1010,3,0.4923533543063771,3.832290311184182
1011,2,0.38880879125920903,3.404460046972835
1012,4,0.711134966462037,1.0823379771832098
1013,3,0.6330917595145376,3.832290311184182
1014,2,0.34832326070803826,3.404460046972835
1015,4,0.6782123048309877,1.0823379771832098
1016,4,0.8372486342522064,1.0823379771832098
1017,0,0.38343229214155605,1.2323344486727978
1018,4,0.7120273773440113,1.0823379771832098
1019,5,0.8027894240606034,4.879639408647977
1020,0,0.2127450484420827,1.2323344486727978
1021,1,0.4381679457236833,4.46470458309974
1022,5,0.7249278663983458,4.879639408647977
1023,1,0.2704274396894396,4.46470458309974
1024,2,0.17336178128391216,3.404460046972835
1025,5,0.8293026490579537,4.879639408647977
1026,0,0.26871992361120633,1.2323344486727978
1027,1,0.2269348345292898,4.46470458309974
1028,1,0.6231610982584526,4.46470458309974
1029,1,0.08390877403152872,4.46470458309974
1030,4,0.5725107893032504,1.0823379771832098
1031,0,0.22383252254784242,1.2323344486727978
1032,1,0.521678615607245,4.46470458309974
1033,0,0.37880115622624266,1.2323344486727978
1034,3,0.4958485432719039,3.832290311184182
1035,3,0.7107982565727212,3.832290311184182
1036,5,0.797173509990668,4.879639408647977
1037,4,0.6673286735069569,1.0823379771832098
1038,3,0.6835345746825466,3.832290311184182
1039,2,0.5442406031862111,3.404460046972835
1040,0,0.0326170762767479,1.2323344486727978
1041,1,0.6043922226576813,4.46470458309974
1042,2,0.6605373442647076,3.404460046972835
1043,5,0.7540842118901938,4.879639408647977
1044,2,0.5032490449654302,3.404460046972835
1045,5,0.8362614096052541,4.879639408647977
1046,3,0.5964418725189065,3.832290311184182
1047,0,0.14156803864919204,1.2323344486727978
1048,5,0.7507033968338853,4.879639408647977
1049,1,0.31507810331864056,4.46470458309974
1050,2,0.6274010315856111,3.404460046972835
1051,5,0.8398998045353183,4.879639408647977
1052,4,0.6527958717626114,1.0823379771832098
1053,5,0.8566420510641655,4.879639408647977
1054,1,0.0,4.46470458309974
1055,3,0.7205960349509518,3.832290311184182
1056,0,0.015275420241503468,1.2323344486727978
1057,4,0.6533958214920845,1.0823379771832098
1058,1,0.10434357717705914,4.46470458309974
1059,5,0.7049714438449672,4.879639408647977
1060,1,0.5435835344726191,4.46470458309974
1061,2,0.36526177304367236,3.404460046972835
1062,1,0.38673912372473,4.46470458309974
1063,0,0.1950179251775713,1.2323344486727978
1064,0,0.2506526805796349,1.2323344486727978
1065,1,0.33479644518448015,4.46470458309974
1066,2,0.23497900846599562,3.404460046972835
1067,4,0.7531287701755651,1.0823379771832098
1068,5,0.7637586726389707,4.879639408647977
1069,4,0.5657425363320825,1.0823379771832098
1070,2,0.37158758631800504,3.404460046972835
1071,3,0.7698043767424654,3.832290311184182
1072,0,0.29027740995634455,1.2323344486727978
1073,3,0.5112588595351065,3.832290311184182
1074,5,0.7743647715752471,4.879639408647977
1075,2,0.38860301109433215,3.404460046972835
1076,5,0.9524315950112545,4.879639408647977
1077,3,0.6133941074456855,3.832290311184182
1078,2,0.5087202644301226,3.404460046972835
1079,4,0.7556256862668501,1.0823379771832098
1080,4,0.6975277919428823,1.0823379771832098
1081,3,0.5237862259549394,3.832290311184182
1082,3,0.5325505320919216,3.832290311184182
1083,0,0.19239730539771216,1.2323344486727978
1084,4,0.6772677837643343,1.0823379771832098
1085,0,0.277260445544446,1.2323344486727978
1086,3,0.5672619710790155,3.832290311184182
1087,5,0.8537751794744274,4.879639408647977
1088,2,0.42710156384808834,3.404460046972835
1089,4,0.685772042838412,1.0823379771832098
1090,2,0.12068934643325885,3.404460046972835
1091,0,0.2972966051630533,1.2323344486727978
1092,0,0.236790499036211,1.2323344486727978
1093,1,0.5122238789007783,4.46470458309974
1094,5,0.5874172358164448,4.879639408647977
1095,4,0.8332925425651762,1.0823379771832098
1096,4,0.6697537309915461,1.0823379771832098
1097,0,0.317667979419697,1.2323344486727978
1098,5,0.7236717596992153,4.879639408647977
1099,2,0.5379207131840162,3.404460046972835
1100,4,0.6026763522432287,1.0823379771832098
1101,0,0.13376757686436436,1.2323344486727978
1102,1,0.6886561163490835,4.46470458309974
1103,3,0.5333428344112272,3.832290311184182
1104,4,0.6959601808481353,1.0823379771832098
1105,5,0.8638622562807579,4.879639408647977
1106,3,0.629295719553271,3.832290311184182
1107,2,0.4640368043520292,3.404460046972835
1108,1,0.39029409707226315,4.46470458309974
1109,4,0.8564174240659697,1.0823379771832098
1110,3,0.5519449628943134,3.832290311184182
1111,5,0.8147605047356038,4.879639408647977
1112,3,0.7068801950197112,3.832290311184182
1113,0,0.31738586879573794,1.2323344486727978
1114,3,0.7259453797914275,3.832290311184182
1115,2,0.5420685090480418,3.404460046972835
1116,3,0.40020931609072624,3.832290311184182
1117,2,0.7010208745162733,3.404460046972835
1118,2,0.2568150479121016,3.404460046972835
1119,5,0.8222131943974547,4.879639408647977
1120,0,0.11991022252254026,1.2323344486727978
1121,1,0.30764649611603506,4.46470458309974
1122,2,0.4925359344107936,3.404460046972835
1123,3,0.6049253442955999,3.832290311184182
1124,5,0.8309686365632876,4.879639408647977
1125,3,0.7855948547928813,3.832290311184182
1126,2,0.5124743692424841,3.404460046972835
1127,5,0.7820791036541077,4.879639408647977
1128,3,0.6947782028346161,3.832290311184182
1129,4,0.7673104597254956,1.0823379771832098
1130,0,0.06965135269624634,1.2323344486727978
1131,3,0.643515796533821,3.832290311184182
1132,0,0.2744512354511932,1.2323344486727978
1133,2,0.3924496225674467,3.404460046972835
1134,2,0.6598366986234979,3.404460046972835
1135,2,0.4160212535519592,3.404460046972835
1136,0,0.21333383564472638,1.2323344486727978
1137,3,0.535804771388357,3.832290311184182
1138,4,0.6811435456525309,1.0823379771832098
1139,0,0.08359639545497018,1.2323344486727978
1140,5,0.694301448866782,4.879639408647977
1141,4,0.79704112998269,1.0823379771832098
1142,3,0.4415958430404244,3.832290311184182
1143,3,0.4214045663516769,3.832290311184182
1144,0,0.0,1.2323344486727978
1145,1,0.196931401398961,4.46470458309974
1146,4,0.5828815097170199,1.0823379771832098
1147,2,0.7023925304441645,3.404460046972835
1148,4,0.7541233978733484,1.0823379771832098
1149,3,0.4637974263595493,3.832290311184182
1150,5,0.9653269367236316,4.879639408647977
1151,3,0.6972496100914828,3.832290311184182
1152,0,0.165509073076868,1.2323344486727978
1153,1,0.0,4.46470458309974
1154,2,0.8060905412556758,3.404460046972835
1155,4,0.5780014956027155,1.0823379771832098
1156,1,0.0030844433800255033,4.46470458309974
1157,2,0.6034058257964613,3.404460046972835
1158,3,0.901074391926235,3.832290311184182
1159,5,0.9016044870762248,4.879639408647977
1160,3,0.6388338028579326,3.832290311184182
1161,0,0.2631516213551095,1.2323344486727978
1162,0,0.29061653266078014,1.2323344486727978
1163,5,0.8557047346893208,4.879639408647977
1164,4,0.7006402367492351,1.0823379771832098
1165,1,0.3400698772382072,4.46470458309974
1166,5,0.7954057158605696,4.879639408647977
1167,1,0.17478103238236328,4.46470458309974
1168,2,0.39514837777407197,3.404460046972835
1169,4,0.5557322362184525,1.0823379771832098
1170,0,0.18955819833419588,1.2323344486727978
1171,4,0.6074346485687789,1.0823379771832098
1172,3,0.40571956796614606,3.832290311184182
1173,0,0.21910134407061932,1.2323344486727978
1174,1,0.5881095875446984,4.46470458309974
1175,0,0.2975077919128576,1.2323344486727978
1176,3,0.34044594319950383,3.832290311184182
1177,0,0.09492027718862091,1.2323344486727978
1178,5,0.8690518319318621,4.879639408647977
1179,1,0.13076590718744552,4.46470458309974
1180,3,0.5285965613385052,3.832290311184182
1181,5,0.8403733719533161,4.879639408647977
1182,2,0.285259436074791,3.404460046972835
1183,4,0.6877348567880222,1.0823379771832098
1184,5,0.7020836251746853,4.879639408647977
1185,2,0.3439019969763864,3.404460046972835
1186,3,0.604705121902232,3.832290311184182
1187,3,0.33730143124569945,3.832290311184182
1188,3,0.621577827741189,3.832290311184182
1189,1,0.31621761959576644,4.46470458309974
1190,3,0.6372374175176764,3.832290311184182
1191,4,0.6964359235191253,1.0823379771832098
1192,1,0.5827431949079385,4.46470458309974
1193,3,0.577506231773324,3.832290311184182
1194,1,0.23729342426381697,4.46470458309974
1195,4,0.6889769786745046,1.0823379771832098
1196,4,0.7198795944286165,1.0823379771832098
1197,5,0.803586289001393,4.879639408647977
1198,1,0.3278182497925299,4.46470458309974
1199,0,0.12546180808251184,1.2323344486727978
1200,2,0.3340690357721753,3.404460046972835
1201,3,0.3639175045186588,3.832290311184182
1202,2,0.7195807736713922,3.404460046972835
1203,4,0.588696960598124,1.0823379771832098
1204,2,0.3292743790547691,3.404460046972835
1205,0,0.12371878532747574,1.2323344486727978
1206,2,0.5830081021926237,3.404460046972835
1207,5,0.7783509360471264,4.879639408647977
1208,2,0.6393880493547436,3.404460046972835
1209,4,0.6305639050560183,1.0823379771832098
1210,4,0.7004789515934204,1.0823379771832098
1211,5,0.7386862129038847,4.879639408647977
1212,3,0.8598892151700812,3.832290311184182
1213,1,0.09126005796235098,4.46470458309974
1214,3,0.6033125550249556,3.832290311184182
1215,4,0.7265209951426362,1.0823379771832098
1216,3,0.6178486059389373,3.832290311184182
1217,2,0.41039120048747957,3.404460046972835
1218,2,0.41925477015434093,3.404460046972835
1219,4,0.68321588454305,1.0823379771832098
1220,4,0.6692096420531167,1.0823379771832098
1221,3,0.6947491174911884,3.832290311184182
1222,3,0.869028402491872,3.832290311184182
1223,2,0.3509133193643043,3.404460046972835
1224,1,0.05616615757373222,4.46470458309974
1225,5,0.7935201702144096,4.879639408647977
1226,1,0.8168704529357975,4.46470458309974
1227,4,0.6210080395835936,1.0823379771832098
1228,3,0.7891465175975586,3.832290311184182
1229,1,0.6431371655765273,4.46470458309974
1230,3,0.4826090432670687,3.832290311184182
1231,0,0.2604152024742925,1.2323344486727978
1232,2,0.7002163006058629,3.404460046972835
1233,5,0.772172335435402,4.879639408647977
1234,3,0.5315397155262069,3.832290311184182
1235,5,0.7573050990285465,4.879639408647977
1236,3,0.41813825453155684,3.832290311184182
1237,3,0.46923179610384136,3.832290311184182
1238,5,0.7101637904368259,4.879639408647977
1239,5,0.8025016985553352,4.879639408647977
1240,1,0.17169765349905017,4.46470458309974
1241,3,0.5926829835264281,3.832290311184182
1242,0,0.03479341665333857,1.2323344486727978
1243,1,0.38372989718190087,4.46470458309974
1244,4,0.7411833563843895,1.0823379771832098
1245,4,0.5336542292180835,1.0823379771832098
1246,2,0.4997738999458553,3.404460046972835
1247,0,0.3303551431755899,1.2323344486727978
1248,3,0.3908936702646043,3.832290311184182
1249,0,0.3775954384239367,1.2323344486727978
1250,4,0.7107571668924265,1.0823379771832098
1251,3,0.4614402078756893,3.832290311184182
1252,0,0.19407838257102597,1.2323344486727978
1253,5,0.840980736462529,4.879639408647977
1254,1,0.3346391815176304,4.46470458309974
1255,3,0.6353174264908206,3.832290311184182
1256,5,0.7324233150152382,4.879639408647977
1257,1,0.35262010495527474,4.46470458309974
1258,0,0.0498903558016964,1.2323344486727978
1259,3,0.5444507331390321,3.832290311184182
1260,2,0.29555638030037135,3.404460046972835
1261,2,0.32246298357102177,3.404460046972835
1262,4,0.7707326952589981,1.0823379771832098
1263,5,0.8801012658497355,4.879639408647977
1264,3,0.6451567616646972,3.832290311184182
1265,5,0.7198251408990395,4.879639408647977
1266,0,0.1664034287623098,1.2323344486727978
1267,2,0.633851910080476,3.404460046972835
1268,5,0.8104019049770129,4.879639408647977
1269,4,0.8502452732339738,1.0823379771832098
1270,3,0.6149853512006419,3.832290311184182
1271,2,0.470689274294642,3.404460046972835
1272,5,0.7773111056056812,4.879639408647977
1273,5,0.8098017926471304,4.879639408647977
1274,3,0.5386849040109709,3.832290311184182
1275,4,0.7319771567877967,1.0823379771832098
1276,0,0.3015836257547978,1.2323344486727978
1277,4,0.6223061759200225,1.0823379771832098
1278,0,0.05864833002625275,1.2323344486727978
1279,1,0.0,4.46470458309974
1280,5,0.8372861458521282,4.879639408647977
1281,5,0.7190137980185448,4.879639408647977
1282,2,0.0959700396387787,3.404460046972835
1283,1,0.39484301600040655,4.46470458309974
1284,5,0.9829841154596866,4.879639408647977
1285,0,0.19935538443355583,1.2323344486727978
1286,3,0.6772199811295451,3.832290311184182
1287,0,0.20868872457871954,1.2323344486727978
1288,5,0.7927415807380781,4.879639408647977
1289,5,0.8674594584167826,4.879639408647977
1290,0,0.16917835344875023,1.2323344486727978
1291,3,0.5973811173178287,3.832290311184182
1292,1,0.38196129631348597,4.46470458309974
1293,5,0.7509627098392611,4.879639408647977
1294,2,0.5985274659589892,3.404460046972835
1295,0,0.18142259495529897,1.2323344486727978
1296,0,0.11975420974714242,1.2323344486727978
1297,2,0.5257337854608782,3.404460046972835
1298,0,0.10459975520836338,1.2323344486727978
1299,2,0.44450332333857184,3.404460046972835
1300,2,0.43854279262294654,3.404460046972835
1301,2,0.6135251246358664,3.404460046972835
1302,3,0.6263622303260363,3.832290311184182
1303,1,0.31517962890400203,4.46470458309974
1304,1,0.47750763295245513,4.46470458309974
1305,4,0.7820451212104398,1.0823379771832098
1306,3,0.6379811961881068,3.832290311184182
1307,4,0.6807599112431164,1.0823379771832098
1308,5,0.7037122988087249,4.879639408647977
1309,1,0.11485149723046723,4.46470458309974
1310,1,0.26121154081730874,4.46470458309974
1311,1,0.2026035943133994,4.46470458309974
1312,0,0.18014719674454543,1.2323344486727978
1313,4,0.6841582628843974,1.0823379771832098
1314,3,0.6340503969298397,3.832290311184182
1315,4,0.6748251925712008,1.0823379771832098
1316,5,0.8357088207770265,4.879639408647977
1317,1,0.3324182330241144,4.46470458309974
1318,3,0.28383219865300646,3.832290311184182
1319,4,0.6110501556496031,1.0823379771832098
1320,1,0.2922477071238929,4.46470458309974
1321,1,0.08700414809675885,4.46470458309974
1322,3,0.6438693001186775,3.832290311184182
1323,5,0.9123558528940396,4.879639408647977
1324,2,0.6347570363778587,3.404460046972835
1325,3,0.5301609486174284,3.832290311184182
1326,2,0.6782166820036104,3.404460046972835
1327,5,0.8109120691614826,4.879639408647977
1328,0,0.1642078684914487,1.2323344486727978
1329,3,0.47424706050927645,3.832290311184182
1330,2,0.3916656189619579,3.404460046972835
1331,5,0.7715081405808428,4.879639408647977
1332,4,0.6925090272174285,1.0823379771832098
1333,1,0.3509276962056884,4.46470458309974
1334,0,0.20032342952021143,1.2323344486727978
1335,3,0.6210834198455442,3.832290311184182
1336,2,0.630264192736905,3.404460046972835
1337,4,0.7496999285577737,1.0823379771832098
1338,2,0.20271465401049601,3.404460046972835
1339,5,0.6125442878925742,4.879639408647977
1340,3,0.6906167768346058,3.832290311184182
1341,5,0.699672227041666,4.879639408647977
1342,2,0.40408269302822836,3.404460046972835
1343,3,0.3964196351190465,3.832290311184182
1344,2,0.15204516358531317,3.404460046972835
1345,1,0.4242895907240449,4.46470458309974
1346,3,0.6661289596457035,3.832290311184182
1347,3,0.4794045535702315,3.832290311184182
1348,0,0.0,1.2323344486727978
1349,1,0.21478941582478195,4.46470458309974
1350,3,0.6147737190666198,3.832290311184182
1351,4,0.5714437557170842,1.0823379771832098
1352,2,0.4693007485563629,3.404460046972835
1353,4,0.678876214263348,1.0823379771832098
1354,2,0.5325702552176805,3.404460046972835
1355,5,0.8087771007525666,4.879639408647977
1356,2,0.28450446750240144,3.404460046972835
1357,0,0.32705317994964245,1.2323344486727978
1358,5,0.7883640596431347,4.879639408647977
1359,3,0.5561828588892964,3.832290311184182
1360,2,0.2908646282270992,3.404460046972835
1361,0,0.1529318393837953,1.2323344486727978
1362,4,0.6150530068233169,1.0823379771832098
1363,5,0.7873059013545604,4.879639408647977
1364,5,0.9256379955043995,4.879639408647977
1365,0,0.054330140285380774,1.2323344486727978
1366,4,0.5615600817710941,1.0823379771832098
1367,5,0.9079826928102135,4.879639408647977
1368,3,0.5307368068518639,3.832290311184182
1369,2,0.3330827843674706,3.404460046972835
1370,1,0.5202930739113312,4.46470458309974
1371,4,0.6355461260420733,1.0823379771832098
1372,2,0.7317946928781174,3.404460046972835
1373,1,0.45057336725211117,4.46470458309974
1374,5,0.7641877036806773,4.879639408647977
1375,1,0.7355129779163445,4.46470458309974
1376,4,0.6355388310324318,1.0823379771832098
1377,2,0.5585861660840294,3.404460046972835
1378,5,0.8219678293984289,4.879639408647977
1379,5,0.8955467406761792,4.879639408647977
1380,5,0.914613638356295,4.879639408647977
1381,5,0.8023490782356307,4.879639408647977
1382,1,0.1748863342762397,4.46470458309974
1383,5,0.8337615772178263,4.879639408647977
1384,0,0.128039492242649,1.2323344486727978
1385,5,0.9477809690656727,4.879639408647977
1386,5,0.8100215810763164,4.879639408647977
1387,0,0.16120978584750356,1.2323344486727978
1388,2,0.46951174505299403,3.404460046972835
1389,3,0.3716733981467413,3.832290311184182
1390,0,0.09683303245583563,1.2323344486727978
1391,4,0.7681137372800737,1.0823379771832098
1392,2,0.33502889115878537,3.404460046972835
1393,5,0.7231575943791773,4.879639408647977
1394,1,0.42336315503665706,4.46470458309974
1395,0,0.3258992739839434,1.2323344486727978
1396,2,0.5548880857110656,3.404460046972835
1397,2,0.5991675150550599,3.404460046972835
1398,5,0.744451862546399,4.879639408647977
1399,3,0.3612326138778803,3.832290311184182
1400,1,0.6091675898390835,4.46470458309974
1401,1,0.2578495571813036,4.46470458309974
1402,1,0.27168776858768257,4.46470458309974
1403,4,0.7774931637306879,1.0823379771832098
1404,2,0.5288850500402806,3.404460046972835
1405,4,0.7134634371632561,1.0823379771832098
1406,4,0.8389172256059775,1.0823379771832098
1407,2,0.3371663715684738,3.404460046972835
1408,1,0.4987086389782681,4.46470458309974
1409,2,0.44911064554911473,3.404460046972835
1410,3,0.5975488709228587,3.832290311184182
1411,2,0.6842478655782244,3.404460046972835
1412,5,0.8372747270962771,4.879639408647977
1413,2,0.5260192242672563,3.404460046972835
1414,0,0.3138799207025924,1.2323344486727978
1415,3,0.5089800563420985,3.832290311184182
1416,0,0.11089186335159863,1.2323344486727978
1417,1,0.11876228306528683,4.46470458309974
1418,1,0.0,4.46470458309974
1419,5,0.9509239132390542,4.879639408647977
1420,5,0.7190254127376698,4.879639408647977
1421,5,0.783760165888125,4.879639408647977
1422,3,0.5213018404279919,3.832290311184182
1423,4,0.7025645111487164,1.0823379771832098
1424,2,0.5703540652802981,3.404460046972835
1425,0,0.29136595080727684,1.2323344486727978
1426,3,0.4784864897400774,3.832290311184182
1427,0,0.18225484632914882,1.2323344486727978
1428,2,0.48515601929963537,3.404460046972835
1429,4,0.6617453759812345,1.0823379771832098
1430,0,0.37066958926169624,1.2323344486727978
1431,3,0.628637695630883,3.832290311184182
1432,2,0.5574328024065276,3.404460046972835
1433,5,0.8486549402652147,4.879639408647977
1434,5,0.8861320166030908,4.879639408647977
1435,5,0.8132868336182598,4.879639408647977
1436,2,0.23276743318453327,3.404460046972835
1437,4,0.7093382132126826,1.0823379771832098
1438,3,0.46894110570410263,3.832290311184182
1439,5,0.761199970055822,4.879639408647977
1440,2,0.5337004373514923,3.404460046972835
1441,0,0.33148215688289645,1.2323344486727978
1442,5,0.8015613162482637,4.879639408647977
1443,1,0.3794834451353746,4.46470458309974
1444,3,0.7979675600116931,3.832290311184182
1445,0,0.22556341764320775,1.2323344486727978
1446,4,0.8709708150594904,1.0823379771832098
1447,4,0.721509989191855,1.0823379771832098
1448,2,0.15863171114183028,3.404460046972835
1449,4,0.7352973813822413,1.0823379771832098
1450,1,0.39341382867156205,4.46470458309974
1451,5,0.8946667920379525,4.879639408647977
1452,0,0.2714790810600697,1.2323344486727978
1453,5,0.7898374445794275,4.879639408647977
1454,3,0.38884460923421715,3.832290311184182
1455,5,0.7846578647217821,4.879639408647977
1456,2,0.3040876043093512,3.404460046972835
1457,5,0.7573900559453332,4.879639408647977
1458,3,0.6422825385342634,3.832290311184182
1459,0,0.37731215994609857,1.2323344486727978
1460,1,0.39601655695145854,4.46470458309974
1461,0,0.07301991927090992,1.2323344486727978
1462,0,0.24720836384026096,1.2323344486727978
1463,2,0.6312206241530914,3.404460046972835
1464,3,0.4747530984056647,3.832290311184182
1465,0,0.18576992083636493,1.2323344486727978
1466,0,0.20155960746638887,1.2323344486727978
1467,1,0.1688229760472438,4.46470458309974
1468,4,0.7275855964792559,1.0823379771832098
1469,1,0.2967045222873294,4.46470458309974
1470,3,0.6186501207364804,3.832290311184182
1471,3,0.4359296828249352,3.832290311184182
1472,2,0.3700945611390519,3.404460046972835
1473,5,0.8530221979035123,4.879639408647977
1474,5,0.7726343530865133,4.879639408647977
1475,5,0.9267577272033378,4.879639408647977
1476,4,0.6506655865665913,1.0823379771832098
1477,3,0.591410648888722,3.832290311184182
1478,4,0.7484547746453427,1.0823379771832098
1479,5,0.6958931210278192,4.879639408647977
1480,5,0.6707580804966562,4.879639408647977
1481,1,0.026147691532532824,4.46470458309974
1482,3,0.7365077080007079,3.832290311184182
1483,5,0.7594940656910599,4.879639408647977
1484,0,0.4716322039568264,1.2323344486727978
1485,3,0.48111887824852306,3.832290311184182
1486,4,0.6935465816723543,1.0823379771832098
1487,3,0.7755850786288111,3.832290311184182
1488,2,0.7605718205344696,3.404460046972835
1489,0,0.4188925480214688,1.2323344486727978
1490,5,0.8886930881094336,4.879639408647977
1491,2,0.6036442610300846,3.404460046972835
1492,1,0.4341249245909072,4.46470458309974
1493,3,0.668813923110716,3.832290311184182
1494,3,0.4829449133663287,3.832290311184182
1495,1,0.1624090482351537,4.46470458309974
1496,2,0.4394607647721948,3.404460046972835
1497,0,0.18192962356178155,1.2323344486727978
1498,5,0.7667334337099782,4.879639408647977
1499,2,0.5512820812766094,3.404460046972835
1500,4,0.7501220734058381,1.0823379771832098
1501,5,0.8064889927878195,4.879639408647977
1502,2,0.676107964279248,3.404460046972835
1503,0,0.07877428781917929,1.2323344486727978
1504,3,0.5329266452845921,3.832290311184182
1505,2,0.32545244456439293,3.404460046972835
1506,1,0.0,4.46470458309974
1507,0,0.19122088062257914,1.2323344486727978
1508,3,0.5429798477573105,3.832290311184182
1509,0,0.3606996341676193,1.2323344486727978
1510,5,0.8463010591509281,4.879639408647977
1511,1,0.12273429883459261,4.46470458309974
1512,5,0.9360888703983425,4.879639408647977
1513,5,0.8896228696234405,4.879639408647977
1514,4,0.7227275990184067,1.0823379771832098
1515,0,0.17595168786247034,1.2323344486727978
1516,0,0.09812576530144078,1.2323344486727978
1517,2,0.38052169541867265,3.404460046972835
1518,1,0.5297007643107322,4.46470458309974
1519,1,0.6829847897041676,4.46470458309974
1520,4,0.793278389986502,1.0823379771832098
1521,1,0.22584410806482244,4.46470458309974
1522,0,0.08111788135640266,1.2323344486727978
1523,4,0.6903414444505789,1.0823379771832098
1524,1,0.0,4.46470458309974
1525,4,0.7037214138195391,1.0823379771832098
1526,1,0.2915706871164793,4.46470458309974
1527,1,0.23023803946128252,4.46470458309974
1528,2,0.1851678990025563,3.404460046972835
1529,1,0.41892305069190894,4.46470458309974
1530,4,0.6408982689019153,1.0823379771832098
1531,0,0.07577703961121636,1.2323344486727978
1532,2,0.0,3.404460046972835
1533,1,0.3147004326667957,4.46470458309974
1534,1,0.6613483219602486,4.46470458309974
1535,4,0.801941071338828,1.0823379771832098
1536,2,0.3669564335738131,3.404460046972835
1537,1,0.20400965379013053,4.46470458309974
1538,0,0.2497749276411897,1.2323344486727978
1539,5,0.7267193293860614,4.879639408647977
1540,0,0.23204457109480642,1.2323344486727978
1541,1,0.46755253599705704,4.46470458309974
1542,0,0.33027701851792635,1.2323344486727978
1543,2,0.4239954695913462,3.404460046972835
1544,1,0.28077098027114167,4.46470458309974
1545,4,0.6155536232344883,1.0823379771832098
1546,2,0.30786527083399995,3.404460046972835
1547,0,0.17595224074154114,1.2323344486727978
1548,1,0.39075722179255945,4.46470458309974
1549,2,0.5859899930718788,3.404460046972835
1550,0,0.11471764151945532,1.2323344486727978
1551,1,0.6075024850766304,4.46470458309974
1552,5,0.7800997505334026,4.879639408647977
1553,3,0.5570128784756743,3.832290311184182
1554,4,0.625152573497106,1.0823379771832098
1555,0,0.0,1.2323344486727978
1556,5,0.864888205452168,4.879639408647977
1557,0,0.27823883497296475,1.2323344486727978
1558,3,0.5206707528080027,3.832290311184182
1559,3,0.5693652200456107,3.832290311184182
1560,2,0.5224466181405525,3.404460046972835
1561,4,0.565304765122613,1.0823379771832098
1562,4,0.6411660542163854,1.0823379771832098
1563,0,0.2843358321063646,1.2323344486727978
1564,3,0.3846518781187058,3.832290311184182
1565,4,0.7015479730284913,1.0823379771832098
1566,1,0.05871265034820189,4.46470458309974
1567,4,0.7142372648798068,1.0823379771832098
1568,0,0.1962155511327865,1.2323344486727978
1569,5,0.6814506522694366,4.879639408647977
1570,5,0.8854909112601453,4.879639408647977
1571,4,0.6260789242962231,1.0823379771832098
1572,2,0.3105223968644129,3.404460046972835
1573,3,0.5880393276001811,3.832290311184182
1574,5,0.8843090373260928,4.879639408647977
1575,0,0.09213900532989323,1.2323344486727978
1576,0,0.2065492292362806,1.2323344486727978
1577,3,0.6199480204295156,3.832290311184182
1578,3,0.6568953131980503,3.832290311184182
1579,3,0.584666312868606,3.832290311184182
1580,5,0.7730604582896585,4.879639408647977
1581,0,0.11212562802776105,1.2323344486727978
1582,3,0.5720428091194272,3.832290311184182
1583,5,0.721305877764456,4.879639408647977
1584,3,0.1515987879866954,3.832290311184182
1585,0,0.24635436434786254,1.2323344486727978
1586,0,0.2959807214759141,1.2323344486727978
1587,2,0.06240554406396398,3.404460046972835
1588,4,0.605882943000229,1.0823379771832098
1589,1,0.4392535351221051,4.46470458309974
1590,0,0.4184669631486444,1.2323344486727978
1591,1,0.32400501668931786,4.46470458309974
1592,2,0.3236657915484517,3.404460046972835
1593,4,0.6665748898323176,1.0823379771832098
1594,5,0.9009147990863958,4.879639408647977
1595,4,0.6325844230935447,1.0823379771832098
1596,4,0.6213370721179822,1.0823379771832098
1597,5,0.7645670222626691,4.879639408647977
1598,2,0.2876589547169331,3.404460046972835
1599,3,0.5771491596141523,3.832290311184182
1600,4,0.7992559415604583,1.0823379771832098
1601,4,0.7037149219978056,1.0823379771832098
1602,2,0.3996741396809856,3.404460046972835
1603,3,0.5192051427661338,3.832290311184182
1604,4,0.5652574238564225,1.0823379771832098
1605,4,0.7448227268761466,1.0823379771832098
1606,3,0.5491184553926854,3.832290311184182
1607,0,0.18083645907759954,1.2323344486727978
1608,5,1.0,4.879639408647977
1609,0,0.23172188788907622,1.2323344486727978
1610,5,0.7448191548573435,4.879639408647977
1611,5,0.7687057028829558,4.879639408647977
1612,4,0.764299126185462,1.0823379771832098
1613,5,0.8083139550309068,4.879639408647977
1614,1,0.04297738349703395,4.46470458309974
1615,3,0.6885070768191874,3.832290311184182
1616,3,0.46659427690195193,3.832290311184182
1617,1,0.6808105382132627,4.46470458309974
1618,3,0.7109893939678334,3.832290311184182
1619,2,0.3685183675677926,3.404460046972835
1620,3,0.7390845150889476,3.832290311184182
1621,3,0.5694861170878829,3.832290311184182
1622,3,0.6792167131128817,3.832290311184182
1623,5,0.8355789903634839,4.879639408647977
1624,0,0.11013298892832563,1.2323344486727978
1625,2,0.3371613216076078,3.404460046972835
1626,3,0.7039872581543799,3.832290311184182
1627,2,0.38650320614918965,3.404460046972835
1628,5,0.7703725345767181,4.879639408647977
1629,2,0.28737227976688096,3.404460046972835
1630,2,0.507690745745381,3.404460046972835
1631,1,0.7172570381698695,4.46470458309974
1632,5,0.7216439615519559,4.879639408647977
1633,3,0.5633858503166064,3.832290311184182
1634,0,0.34995101597036893,1.2323344486727978
1635,0,0.19154359601636334,1.2323344486727978
1636,0,0.24803329776207222,1.2323344486727978
1637,0,0.08719397384843584,1.2323344486727978
1638,3,0.619876806498157,3.832290311184182
1639,0,0.18012883146131167,1.2323344486727978
1640,5,0.8723517714625563,4.879639408647977
1641,5,0.8871531602133987,4.879639408647977
1642,2,0.8538099167848363,3.404460046972835
1643,1,0.43164149119726736,4.46470458309974
1644,4,0.703914360585254,1.0823379771832098
1645,0,0.22063992299109236,1.2323344486727978
1646,4,0.6540766066313028,1.0823379771832098
1647,4,0.7048456605333783,1.0823379771832098
1648,4,0.6583167105338482,1.0823379771832098
1649,2,0.46691991092262963,3.404460046972835
1650,5,0.896710576114897,4.879639408647977
1651,0,0.09312428593230306,1.2323344486727978
1652,3,0.7193536237925844,3.832290311184182
1653,2,0.6504737908611886,3.404460046972835
1654,5,0.7913338671652298,4.879639408647977
1655,3,0.26336728942058907,3.832290311184182
1656,5,0.7553863657462894,4.879639408647977
1657,0,0.3377162010700623,1.2323344486727978
1658,2,0.4363457044254938,3.404460046972835
1659,4,0.606648422034193,1.0823379771832098
1660,2,0.35933742629098153,3.404460046972835
1661,2,0.574330316340229,3.404460046972835
1662,0,0.2580527267518671,1.2323344486727978
1663,4,0.6624617158509385,1.0823379771832098
1664,4,0.6530740625074022,1.0823379771832098
1665,1,0.24454458100551452,4.46470458309974
1666,1,0.14233720695793445,4.46470458309974
1667,5,0.9185672478497043,4.879639408647977
1668,3,0.5149399940108723,3.832290311184182
1669,1,0.5544334288789046,4.46470458309974
1670,0,0.3615348868298379,1.2323344486727978
1671,2,0.5995291743306895,3.404460046972835
1672,4,0.6483178622074564,1.0823379771832098
1673,2,0.5045157015548359,3.404460046972835
1674,0,0.19743088588646854,1.2323344486727978
1675,2,0.29558926387477147,3.404460046972835
1676,4,0.7038088782084437,1.0823379771832098
1677,1,0.09290851084968232,4.46470458309974
1678,3,0.7260361207843478,3.832290311184182
1679,4,0.6458957912775003,1.0823379771832098
1680,4,0.6947656811968145,1.0823379771832098
1681,4,0.7007941218631764,1.0823379771832098
1682,5,0.7809965877369525,4.879639408647977
1683,5,0.8430628427955676,4.879639408647977
1684,4,0.6451407437417658,1.0823379771832098
1685,0,0.2925152338740155,1.2323344486727978
1686,4,0.5812013280213763,1.0823379771832098
1687,5,0.8092761572610656,4.879639408647977
1688,5,0.942315794829022,4.879639408647977
1689,2,0.2801479633574025,3.404460046972835
1690,0,0.12803634920247042,1.2323344486727978
1691,1,0.41898232421000886,4.46470458309974
1692,2,0.46869700556290234,3.404460046972835
1693,5,0.8257359610864201,4.879639408647977
1694,2,0.5181716588594127,3.404460046972835
1695,2,0.5414279138868167,3.404460046972835
1696,2,0.6173290263289656,3.404460046972835
1697,0,0.24351496211720638,1.2323344486727978
1698,1,0.27353205170256034,4.46470458309974
1699,1,0.44954250103741233,4.46470458309974
1700,4,0.8194566462172855,1.0823379771832098
1701,5,0.7902647920337699,4.879639408647977
1702,3,0.42376199931551023,3.832290311184182
1703,0,0.31755095228160274,1.2323344486727978
1704,1,0.2968137275833756,4.46470458309974
1705,5,0.640527841147368,4.879639408647977
1706,5,0.8622000545649582,4.879639408647977
1707,0,0.14315830834387508,1.2323344486727978
1708,0,0.19038708393771564,1.2323344486727978
1709,5,0.8243670833926758,4.879639408647977
1710,4,0.6939832091455309,1.0823379771832098
1711,1,0.45664548969634156,4.46470458309974
1712,3,0.4991195398974362,3.832290311184182
1713,3,0.6317315608141248,3.832290311184182
1714,3,0.5237156930336895,3.832290311184182
1715,2,0.5580612434678387,3.404460046972835
1716,1,0.4385241748132555,4.46470458309974
1717,2,0.2905177454728851,3.404460046972835
1718,2,0.6135389553020997,3.404460046972835
1719,5,0.760660723663552,4.879639408647977
1720,2,0.5691269018603464,3.404460046972835
1721,4,0.706959915763362,1.0823379771832098
1722,4,0.8149278215603144,1.0823379771832098
1723,0,0.176272154542023,1.2323344486727978
1724,0,0.1629091870440667,1.2323344486727978
1725,1,0.31625964513426696,4.46470458309974
1726,1,0.2616054073150667,4.46470458309974
1727,4,0.738717972293193,1.0823379771832098
1728,0,0.02837849447145674,1.2323344486727978
1729,5,0.7226605765084686,4.879639408647977
1730,0,0.08661959894796556,1.2323344486727978
1731,2,0.5918582896259852,3.404460046972835
1732,3,0.7991416499306577,3.832290311184182
1733,5,0.7923335132113398,4.879639408647977
1734,3,0.53639893030483,3.832290311184182
1735,3,0.5697932064232683,3.832290311184182
1736,4,0.765285116100284,1.0823379771832098
1737,3,0.4303571700459863,3.832290311184182
1738,3,0.5933236912192787,3.832290311184182
1739,2,0.5958356950495586,3.404460046972835
1740,1,0.4165143179300542,4.46470458309974
1741,4,0.6939158207411296,1.0823379771832098
1742,0,0.3062920930006248,1.2323344486727978
1743,2,0.008025936082378948,3.404460046972835
1744,3,0.6547661376662887,3.832290311184182
1745,0,0.13054957822957153,1.2323344486727978
1746,2,0.1474665266302388,3.404460046972835
1747,5,0.8375218506223769,4.879639408647977
1748,5,0.9008254081369111,4.879639408647977
1749,4,0.6699108947111588,1.0823379771832098
1750,3,0.6932106921689143,3.832290311184182
1751,4,0.7983457321733757,1.0823379771832098
1752,5,0.8965136400996999,4.879639408647977
1753,2,0.7020648415113875,3.404460046972835
1754,0,0.27879985235948884,1.2323344486727978
1755,1,0.33452905789832527,4.46470458309974
1756,3,0.3360471457022665,3.832290311184182
1757,4,0.661938325364215,1.0823379771832098
1758,0,0.11046321823008638,1.2323344486727978
1759,0,0.4305129073882578,1.2323344486727978
1760,1,0.2861231356522902,4.46470458309974
1761,2,0.4596880161644676,3.404460046972835
1762,1,0.4262200243186522,4.46470458309974
1763,1,0.3283981427527372,4.46470458309974
1764,2,0.7108676159200022,3.404460046972835
1765,2,0.3405011978139239,3.404460046972835
1766,2,0.47109809450161155,3.404460046972835
1767,0,0.12116371750389492,1.2323344486727978
1768,0,0.059838666203895136,1.2323344486727978
1769,3,0.4744754319587422,3.832290311184182
1770,5,0.797281529539026,4.879639408647977
1771,3,0.4999840759253492,3.832290311184182
1772,1,0.18663477126264014,4.46470458309974
1773,1,0.04913320700637036,4.46470458309974
1774,3,0.5483819429478322,3.832290311184182
1775,4,0.5695493172480973,1.0823379771832098
1776,5,0.8557874830071447,4.879639408647977
1777,1,0.3358784855264849,4.46470458309974
1778,4,0.5730116445285507,1.0823379771832098
1779,4,0.65730318917544,1.0823379771832098
1780,5,0.7447923380642851,4.879639408647977
1781,2,0.4910037967220783,3.404460046972835
1782,0,0.34233039270553356,1.2323344486727978
1783,3,0.2978531902747925,3.832290311184182
1784,5,0.8084428196637842,4.879639408647977
1785,0,0.1829969367792345,1.2323344486727978
1786,3,0.6538525187048071,3.832290311184182
1787,0,0.22263743498358463,1.2323344486727978
1788,3,0.4548756103678461,3.832290311184182
1789,0,0.16612252836917502,1.2323344486727978
1790,2,0.31279579145401754,3.404460046972835
1791,4,0.7589819325605065,1.0823379771832098
1792,3,0.5629793423270498,3.832290311184182
1793,4,0.8195527121896017,1.0823379771832098
1794,3,0.5515196926820061,3.832290311184182
1795,5,0.7480035255834092,4.879639408647977
1796,5,0.688894607779112,4.879639408647977
1797,3,0.30792328637976485,3.832290311184182
1798,2,0.1868565158568682,3.404460046972835
1799,0,0.22836377969314503,1.2323344486727978
1800,3,0.631119133853487,3.832290311184182
1801,0,0.03210756187947436,1.2323344486727978
1802,2,0.5830263092427274,3.404460046972835
1803,1,0.2269589895100982,4.46470458309974
1804,4,0.690775017522743,1.0823379771832098
1805,3,0.7853864650381592,3.832290311184182
1806,5,0.8658272686278404,4.879639408647977
1807,2,0.3970890464860443,3.404460046972835
1808,0,0.10537230242580255,1.2323344486727978
1809,3,0.2591788479687888,3.832290311184182
1810,0,0.12363956858909932,1.2323344486727978
1811,1,0.2793348072732306,4.46470458309974
1812,3,0.42199351373923955,3.832290311184182
1813,4,0.6703653716122341,1.0823379771832098
1814,3,0.5707437989119061,3.832290311184182
1815,4,0.6634949422230394,1.0823379771832098
1816,0,0.13098206437792037,1.2323344486727978
1817,3,0.5835777161391889,3.832290311184182
1818,2,0.5106217141972212,3.404460046972835
1819,5,0.7199656039687475,4.879639408647977
1820,2,0.6654657121292864,3.404460046972835
1821,1,0.30101122121505486,4.46470458309974
1822,2,0.4430121526174011,3.404460046972835
1823,1,0.4564071587922064,4.46470458309974
1824,0,0.2247631261912582,1.2323344486727978
1825,4,0.7499628939625161,1.0823379771832098
1826,5,0.8210746777242299,4.879639408647977
1827,0,0.13497077620531867,1.2323344486727978
1828,4,0.7065353695379759,1.0823379771832098
1829,4,0.596047298448284,1.0823379771832098
1830,1,0.34090937509603497,4.46470458309974
1831,2,0.43468987769204775,3.404460046972835
1832,2,0.4067431153295239,3.404460046972835
1833,5,0.7905654523117347,4.879639408647977
1834,5,0.6618738268454863,4.879639408647977
1835,1,0.21431166160203297,4.46470458309974
1836,1,0.33788259142586663,4.46470458309974
1837,0,0.21697371440845256,1.2323344486727978
1838,1,0.12206242413068188,4.46470458309974
1839,2,0.6422589627856583,3.404460046972835
1840,1,0.15316853458178048,4.46470458309974
1841,1,0.5067243845252682,4.46470458309974
1842,4,0.7113572606251686,1.0823379771832098
1843,1,0.19553200220861533,4.46470458309974
1844,5,0.9303063603015141,4.879639408647977
1845,0,0.0732584262881768,1.2323344486727978
1846,1,0.49703566207761196,4.46470458309974
1847,5,0.8734419197161489,4.879639408647977
1848,3,0.4662481178705092,3.832290311184182
1849,3,0.7546649398782389,3.832290311184182
1850,4,0.6616458866817877,1.0823379771832098
1851,4,0.7011909195956885,1.0823379771832098
1852,3,0.5963926735488857,3.832290311184182
1853,5,0.7901418487710741,4.879639408647977
1854,4,0.7395155943236696,1.0823379771832098
1855,5,0.8582414198808201,4.879639408647977
1856,5,0.6716591903694205,4.879639408647977
1857,4,0.7757422208491388,1.0823379771832098
1858,2,0.17433529106539947,3.404460046972835
1859,5,0.8757880426977694,4.879639408647977
1860,2,0.6200464569962164,3.404460046972835
1861,1,0.10987206953645848,4.46470458309974
1862,3,0.5025686667652643,3.832290311184182
1863,0,0.08259515288398232,1.2323344486727978
1864,3,0.5299543037533553,3.832290311184182
1865,3,0.5169371851430097,3.832290311184182
1866,5,0.8572264422269307,4.879639408647977
1867,2,0.6493861469152883,3.404460046972835
1868,2,0.6630290046668733,3.404460046972835
1869,4,0.6387352949900419,1.0823379771832098
1870,0,0.17778460849411212,1.2323344486727978
1871,2,0.17098810667100067,3.404460046972835
1872,4,0.620846883852992,1.0823379771832098
1873,0,0.30244892845443194,1.2323344486727978
1874,2,0.698168667077192,3.404460046972835
1875,3,0.38743954271451053,3.832290311184182
1876,3,0.47717422374354657,3.832290311184182
1877,0,0.197196209849606,1.2323344486727978
1878,0,0.2297477969990869,1.2323344486727978
1879,2,0.31062609322614265,3.404460046972835
1880,2,0.5077645695490941,3.404460046972835
1881,0,0.14968725584147957,1.2323344486727978
1882,5,0.7989392151965722,4.879639408647977
1883,0,0.2580050174759472,1.2323344486727978
1884,4,0.6804714125612156,1.0823379771832098
1885,4,0.6479680554714391,1.0823379771832098
1886,4,0.6719543339155581,1.0823379771832098
1887,3,0.5476469667571787,3.832290311184182
1888,3,0.5082729121630808,3.832290311184182
1889,4,0.6610036453892685,1.0823379771832098
1890,4,0.7973451722386301,1.0823379771832098
1891,5,0.8411710264313882,4.879639408647977
1892,0,0.16862559908378727,1.2323344486727978
1893,3,0.6574333703293637,3.832290311184182
1894,4,0.6554967160704616,1.0823379771832098
1895,5,0.8861063841495685,4.879639408647977
1896,1,0.3911957276662225,4.46470458309974
1897,2,0.42285321489661803,3.404460046972835
1898,4,0.7128636742007121,1.0823379771832098
1899,3,0.3403934419877849,3.832290311184182
1900,4,0.5972921172653989,1.0823379771832098
1901,1,0.0900415120254274,4.46470458309974
1902,0,0.21517784329336664,1.2323344486727978
1903,3,0.8022034704903109,3.832290311184182
1904,0,0.4369217206005005,1.2323344486727978
1905,2,0.5419599861951472,3.404460046972835
1906,5,0.8367615727920226,4.879639408647977
1907,0,0.008761856622283792,1.2323344486727978
1908,4,0.6401662257475641,1.0823379771832098
1909,5,0.7421773201284512,4.879639408647977
1910,1,0.20042031602380844,4.46470458309974
1911,0,0.18214631820133106,1.2323344486727978
1912,1,0.22907198119444655,4.46470458309974
1913,5,0.6547210208030445,4.879639408647977
1914,3,0.6645569358422878,3.832290311184182
1915,3,0.41003184165465945,3.832290311184182
1916,4,0.6975613887758684,1.0823379771832098
1917,4,0.8322434672324404,1.0823379771832098
1918,4,0.6125146003172232,1.0823379771832098
1919,1,0.0,4.46470458309974
1920,2,0.3942967852436856,3.404460046972835
1921,2,0.615932349199606,3.404460046972835
1922,2,0.7529421435787191,3.404460046972835
1923,3,0.3881104758083844,3.832290311184182
1924,3,0.6294379417745194,3.832290311184182
1925,2,0.36564381184732286,3.404460046972835
1926,5,0.7922234778782807,4.879639408647977
1927,4,0.8741021954305419,1.0823379771832098
1928,0,0.04041308076706532,1.2323344486727978
1929,5,0.8186242825924962,4.879639408647977
1930,5,0.8343282943873817,4.879639408647977
1931,2,0.6135076680405582,3.404460046972835
1932,0,0.21040395096544906,1.2323344486727978
1933,2,0.4892261962785158,3.404460046972835
1934,0,0.1584143564806269,1.2323344486727978
1935,4,0.6997546699841795,1.0823379771832098
1936,5,0.7748099690652333,4.879639408647977
1937,3,0.6468949873029092,3.832290311184182
1938,2,0.3809366041755957,3.404460046972835
1939,2,0.5002603002637737,3.404460046972835
1940,5,0.7978521335280797,4.879639408647977
1941,5,0.8826511628501582,4.879639408647977
1942,4,0.6762275569883434,1.0823379771832098
1943,1,0.0,4.46470458309974
1944,2,0.6416539090703295,3.404460046972835
1945,0,0.103828422415522,1.2323344486727978
1946,4,0.6320117227691064,1.0823379771832098
1947,5,0.756278950620752,4.879639408647977
1948,1,0.5847265984263801,4.46470458309974
1949,2,0.09872120135377932,3.404460046972835
1950,2,0.94140936431801,3.404460046972835
1951,5,0.8775137017600085,4.879639408647977
1952,5,0.8163855528059509,4.879639408647977
1953,5,0.7959708254748648,4.879639408647977
1954,3,0.5999201091844687,3.832290311184182
1955,1,0.42037190362666405,4.46470458309974
1956,4,0.7273606280743327,1.0823379771832098
1957,5,0.8407809111258014,4.879639408647977
1958,0,0.20951176791332773,1.2323344486727978
1959,2,0.40846549976189445,3.404460046972835
1960,4,0.668896118009692,1.0823379771832098
1961,3,0.5327520616313579,3.832290311184182
1962,5,0.8832177932081995,4.879639408647977
1963,2,0.534849824838697,3.404460046972835
1964,1,0.0,4.46470458309974
1965,5,0.8481425778799235,4.879639408647977
1966,5,0.8142934766290267,4.879639408647977
1967,5,0.7986267926545255,4.879639408647977
1968,5,0.7714830648858512,4.879639408647977
1969,4,0.7625130167407409,1.0823379771832098
1970,0,0.30060932416632036,1.2323344486727978
1971,5,0.7432714144482135,4.879639408647977
1972,5,0.8298773032984887,4.879639408647977
1973,3,0.4241635810938864,3.832290311184182
1974,4,0.5787321692005449,1.0823379771832098
1975,2,0.33985115702619495,3.404460046972835
1976,0,0.29156981666505216,1.2323344486727978
1977,2,0.5923085161194068,3.404460046972835
1978,2,0.5219905838763115,3.404460046972835
1979,1,0.45965863005349183,4.46470458309974
1980,1,0.4194196266885014,4.46470458309974
1981,2,0.3374918240158449,3.404460046972835
1982,3,0.6203822416164513,3.832290311184182
1983,1,0.4741645942544931,4.46470458309974
1984,1,0.4652819002588876,4.46470458309974
1985,1,0.5489932112751807,4.46470458309974
1986,1,0.45642438248293843,4.46470458309974
1987,0,0.23731712839027672,1.2323344486727978
1988,2,0.6110090356071699,3.404460046972835
1989,0,0.19718394569887832,1.2323344486727978
1990,4,0.6152679348198348,1.0823379771832098
1991,4,0.6680304289004747,1.0823379771832098
1992,5,0.745324758143615,4.879639408647977
1993,4,0.6304400267736152,1.0823379771832098
1994,0,0.18465486044840618,1.2323344486727978
1995,5,0.7418370291278159,4.879639408647977
1996,2,0.3907880274170354,3.404460046972835
1997,4,0.5410033887733128,1.0823379771832098
1998,1,0.36108189222864645,4.46470458309974
1999,4,0.6800884852621766,1.0823379771832098
2000,3,0.4457720122471033,3.832290311184182
